episode,steps,X,Y,yaw,steer,throttle,action,reward,done,all_wheels_on_track,progress,closest_waypoint,track_len,tstamp,episode_status,pause_duration
60,1.0,-1.8984196753230542,-5.964613689275677,-8.74472574240899,-10.0,4.0,2,0.0,False,True,0.29153964548341443,0,48.06927451701628,179.536,prepare,0.0
60,2.0,-1.8985742136812274,-5.964690639760598,-8.77375031288486,-10.0,2.6666666666666665,1,0.001,False,True,0.29124633439275377,0,48.06927451701628,179.599,in_progress,0.0
60,3.0,-1.8893963713404593,-5.963242680526827,-8.090322463230775,0.0,4.0,11,3.9614929803246675,False,True,0.3096563999110866,0,48.06927451701628,179.669,in_progress,0.0
60,4.0,-1.8665406479550182,-5.963864459766393,-7.385366247454606,0.0,2.6666666666666665,10,0.001,False,True,0.3568447883919965,1,48.06927451701628,179.736,in_progress,0.0
60,5.0,-1.8272157334846564,-5.967229180460818,-7.087367486626304,3.333333333333332,4.0,14,3.950699867251293,False,True,0.43876401919690844,1,48.06927451701628,179.797,in_progress,0.0
60,6.0,-1.779611712677871,-5.9708184689125,-6.5215806977534605,-3.333333333333335,4.0,8,3.9434319487134033,False,True,0.5377762503977518,1,48.06927451701628,179.862,in_progress,0.0
60,7.0,-1.7137422674368592,-5.974821171804507,-5.789645475195675,-10.0,2.6666666666666665,1,0.001,False,True,0.6743295362274706,1,48.06927451701628,179.937,in_progress,0.0
60,8.0,-1.6252681365081505,-5.9852083451617215,-6.230573548136204,6.666666666666668,2.6666666666666665,16,0.001,False,True,0.859500527686262,1,48.06927451701628,179.999,in_progress,0.0
60,9.0,-1.5282329525609142,-5.992060100495062,-5.361955384403586,0.0,2.6666666666666665,10,0.001,False,True,1.0611131342990112,2,48.06927451701628,180.058,in_progress,0.0
60,10.0,-1.4227422263977183,-5.984009898684331,-1.4794797087140286,0.0,2.6666666666666665,10,0.001,False,True,1.2747504130115854,2,48.06927451701628,180.133,in_progress,0.0
60,11.0,-1.2937972706330978,-5.959123641726915,4.296632194443849,3.333333333333332,4.0,14,3.7788722256823575,False,True,1.5311965838631305,2,48.06927451701628,180.198,in_progress,0.0
60,12.0,-1.1625686392509156,-5.923057545758356,9.71301243790473,3.333333333333332,4.0,14,2.820962843134458,False,True,1.788595303729007,3,48.06927451701628,180.264,in_progress,0.0
60,13.0,-0.9670374903683734,-5.845735755913714,18.271749646314667,6.666666666666668,4.0,17,2.6198161704225025,False,True,2.161793524734702,3,48.06927451701628,180.332,in_progress,0.0
60,14.0,-0.8670720648871096,-5.794695352822279,23.376968021585274,-10.0,2.6666666666666665,1,0.001,False,True,2.3493790057405652,4,48.06927451701628,180.388,in_progress,0.0
60,15.0,-0.7269028534211087,-5.72165318866626,29.129012479439798,-6.666666666666668,4.0,5,0.001,False,True,2.61085759985655,4,48.06927451701628,180.471,in_progress,0.0
60,16.0,-0.573204566349297,-5.647329455406304,30.20756946369697,0.0,2.6666666666666665,10,0.001,False,False,2.900457136617621,5,48.06927451701628,180.534,in_progress,0.0
60,17.0,-0.4115857241687901,-5.563859451093203,29.25416102292585,-6.666666666666668,1.3333333333333333,3,0.001,False,False,3.2011913199564064,5,48.06927451701628,180.596,in_progress,0.0
60,18.0,-0.2545948677886743,-5.488973282055682,26.923052638916452,3.333333333333332,4.0,14,0.001,True,False,3.4970433862848553,6,48.06927451701628,180.669,off_track,0.0
61,1.0,0.47046462821241974,-6.370386836119161,-11.045526485246661,-3.333333333333335,1.3333333333333333,6,0.0,False,True,0.2916685658889376,8,48.06927451701628,180.801,prepare,0.0
61,2.0,0.47022918036532924,-6.370349571921173,-11.035811560160438,-10.0,2.6666666666666665,1,3.734837430401859,False,True,0.291173533847941,8,48.06927451701628,180.821,in_progress,0.0
61,3.0,0.4782911793707021,-6.369236816003102,-10.243099818601026,-10.0,1.3333333333333333,0,0.001,False,True,0.30705723340466035,8,48.06927451701628,180.926,in_progress,0.0
61,4.0,0.4970208260976556,-6.3753128681541416,-10.80802218703148,10.0,2.6666666666666665,19,3.548029770834538,False,True,0.34782617940431887,9,48.06927451701628,180.997,in_progress,0.0
61,5.0,0.5316739395431975,-6.380785222153695,-10.56616613518534,0.0,2.6666666666666665,10,3.54223733815878,False,True,0.4206793465206929,9,48.06927451701628,181.07,in_progress,0.0
61,6.0,0.5790603641172135,-6.383711448910718,-9.220113781189623,0.0,4.0,11,1.8943345582469266,False,True,0.5182674242045909,9,48.06927451701628,181.124,in_progress,0.0
61,7.0,0.64859751952561,-6.391057210677153,-8.387722507190803,10.0,4.0,20,1.8878955606962748,False,True,0.6619946042000988,9,48.06927451701628,181.201,in_progress,0.0
61,8.0,0.7182181732741174,-6.392146130492843,-6.343244459322594,3.333333333333332,1.3333333333333333,12,0.001,False,True,0.8032416654732657,9,48.06927451701628,181.269,in_progress,0.0
61,9.0,0.8116004526202008,-6.386478195609716,-2.9926299767065943,3.333333333333332,1.3333333333333333,12,1.9188557699882756,False,True,0.9893024063825522,10,48.06927451701628,181.325,in_progress,0.0
61,10.0,0.8997767392292546,-6.376558428911426,0.15472373114541593,10.0,2.6666666666666665,19,3.4008074549250207,False,True,1.1627582615894896,10,48.06927451701628,181.401,in_progress,0.0
61,11.0,1.0003350564685196,-6.358761384392876,3.893727884445304,-6.666666666666668,2.6666666666666665,4,3.4318159167523166,False,True,1.3529076216357656,10,48.06927451701628,181.462,in_progress,0.0
61,12.0,1.095080210311271,-6.341795420366074,6.207413532902594,-3.333333333333335,4.0,8,1.9864228754964892,False,True,1.5348924849594034,10,48.06927451701628,181.537,in_progress,0.0
61,13.0,1.2218525434972638,-6.332720855138344,5.286045200240331,3.333333333333332,2.6666666666666665,13,3.320978560848607,False,True,1.7854926574554717,11,48.06927451701628,181.601,in_progress,0.0
61,14.0,1.3724411824125995,-6.329636492043281,3.1544633887181526,-3.333333333333335,2.6666666666666665,7,3.1912934456231983,False,True,2.107495891756957,11,48.06927451701628,181.673,in_progress,0.0
61,15.0,1.4993128938493354,-6.333394320473572,0.9347311683649244,0.0,2.6666666666666665,10,3.1647151786669063,False,True,2.3670301664960274,12,48.06927451701628,181.736,in_progress,0.0
61,16.0,1.7120483633288552,-6.34366815384224,-1.3678030332035467,10.0,4.0,20,1.8793921436273966,False,True,2.9041470817611534,13,48.06927451701628,181.802,in_progress,0.0
61,17.0,1.8299723976892839,-6.347875429321772,-1.6595097029492152,6.666666666666668,1.3333333333333333,15,2.01492227900821,False,True,3.2251294695163537,13,48.06927451701628,181.871,in_progress,0.0
61,18.0,1.9923438867810115,-6.339103157150114,1.0271877228307533,10.0,4.0,20,1.788835638850305,False,True,3.5633664867778663,14,48.06927451701628,181.931,in_progress,0.0
61,19.0,2.167610802083575,-6.321144678583463,3.8874418599130283,-3.333333333333335,4.0,8,1.741208654644775,False,True,3.9982855570825206,14,48.06927451701628,182.0,in_progress,0.0
61,20.0,2.3379732381386646,-6.302762185269902,5.208823874861063,-6.666666666666668,2.6666666666666665,4,2.7779507617001338,False,True,4.353721986115076,15,48.06927451701628,182.068,in_progress,0.0
61,21.0,2.5180163581843655,-6.291250968690907,4.460705839776958,-6.666666666666668,2.6666666666666665,4,2.6838941208788074,False,True,4.790525965809296,16,48.06927451701628,182.129,in_progress,0.0
61,22.0,2.7018221015395825,-6.284800513319668,2.9432049297246485,0.0,1.3333333333333333,9,1.6896179511108744,False,True,5.206891048618704,16,48.06927451701628,182.203,in_progress,0.0
61,23.0,2.874760351923984,-6.285392094762429,1.0172086806257667,3.333333333333332,4.0,14,1.3430868216269785,False,True,5.531405848862373,17,48.06927451701628,182.27,in_progress,0.0
61,24.0,3.054151468512772,-6.287615830861011,-0.001369280677735562,-10.0,2.6666666666666665,1,2.2797242993576043,False,True,5.870389454397601,17,48.06927451701628,182.322,in_progress,0.0
61,25.0,3.236643666936604,-6.296145696945388,-1.6939763107020698,3.333333333333332,4.0,14,0.001,False,True,6.178609202869982,18,48.06927451701628,182.395,in_progress,0.0
61,26.0,3.4152689594450982,-6.308747125257773,-3.2501505847376086,6.666666666666668,4.0,17,0.001,False,True,6.424751777274365,18,48.06927451701628,182.468,in_progress,0.0
61,27.0,3.6095929963036344,-6.313700054965633,-2.065980304922175,6.666666666666668,2.6666666666666665,16,0.001,False,True,6.7289896668938765,19,48.06927451701628,182.534,in_progress,0.0
61,28.0,3.8019392652332242,-6.305767700088313,0.891830433791329,3.333333333333332,4.0,14,0.001,False,True,6.990849991367942,19,48.06927451701628,182.592,in_progress,0.0
61,29.0,4.018048402125048,-6.283584707739716,4.889356575985628,-3.333333333333335,4.0,8,0.001,False,False,7.350567685720842,20,48.06927451701628,182.669,in_progress,0.0
61,30.0,4.214338770159635,-6.261607932748744,6.2833427267904325,0.0,2.6666666666666665,10,0.001,False,False,7.614917523519398,20,48.06927451701628,182.731,in_progress,0.0
61,31.0,4.42563297480793,-6.231354388522389,7.569695930780654,10.0,2.6666666666666665,19,0.001,True,False,7.96728567652236,21,48.06927451701628,182.803,off_track,0.0
62,1.0,2.8179932916423427,-6.436824592941714,17.83800373477426,10.0,1.3333333333333333,18,0.0,False,True,0.28967635535055714,16,48.06927451701628,182.933,prepare,0.0
62,2.0,2.8177985394265743,-6.436850134145206,17.85714780858448,0.0,1.3333333333333333,9,1.3392149957544446,False,True,0.2892875376644802,16,48.06927451701628,182.993,in_progress,0.0
62,3.0,2.82299854399421,-6.435328476671318,17.85902588015927,-3.333333333333335,1.3333333333333333,6,1.3377545613007367,False,True,0.3004179734486717,16,48.06927451701628,183.058,in_progress,0.0
62,4.0,2.8419719096421487,-6.4312090014510135,17.38310814631611,3.333333333333332,4.0,14,1.1194913547410439,False,True,0.33975233567467844,16,48.06927451701628,183.118,in_progress,0.0
62,5.0,2.8762510009989426,-6.425887378490516,16.029388286214346,0.0,2.6666666666666665,10,2.192516702054724,False,True,0.40892621095821036,17,48.06927451701628,183.182,in_progress,0.0
62,6.0,2.9216106834686193,-6.413883428919338,15.725388679442988,-3.333333333333335,1.3333333333333333,6,1.297391603124426,False,True,0.5048850818392501,17,48.06927451701628,183.271,in_progress,0.0
62,7.0,2.9868294583923873,-6.40063956546915,14.652157837569263,10.0,4.0,20,1.0586530635219025,False,True,0.6392753235631016,17,48.06927451701628,183.331,in_progress,0.0
62,8.0,3.0555827548491905,-6.382941654978976,14.609221382071643,-3.333333333333335,2.6666666666666665,7,2.121895760318302,False,True,0.7644926079269004,17,48.06927451701628,183.403,in_progress,0.0
62,9.0,3.144671940064485,-6.357923697898536,14.963487820901019,0.0,1.3333333333333333,9,1.2114861573076132,False,True,0.94814106118562,17,48.06927451701628,183.462,in_progress,0.0
62,10.0,3.232059443382367,-6.335167081199698,14.793280535357264,-3.333333333333335,2.6666666666666665,7,2.0917011768005955,False,True,1.1262537655708034,18,48.06927451701628,183.537,in_progress,0.0
62,11.0,3.3310721343818828,-6.310169377381947,14.518649330467406,0.0,1.3333333333333333,9,1.2114861573076132,False,True,1.3211398335531366,18,48.06927451701628,183.603,in_progress,0.0
62,12.0,3.429549858867483,-6.284286829099821,14.5657079060292,3.333333333333332,2.6666666666666665,13,2.0917011768005955,False,True,1.480130284143584,18,48.06927451701628,183.673,in_progress,0.0
62,13.0,3.5412177138634453,-6.25210596145062,15.257380478810616,-10.0,1.3333333333333333,0,1.2114861573076132,False,True,1.7015511151479423,19,48.06927451701628,183.736,in_progress,0.0
62,14.0,3.6461897001016412,-6.225942981326548,14.760616875962612,-10.0,1.3333333333333333,0,1.2114861573076132,False,True,1.9042570485391652,19,48.06927451701628,183.802,in_progress,0.0
62,15.0,3.759648677938179,-6.203062008970001,13.405011422104769,10.0,2.6666666666666665,19,2.0917011768005955,False,True,2.0726636295981233,19,48.06927451701628,183.872,in_progress,0.0
62,16.0,3.859746600319255,-6.17940693029199,13.476457256311983,0.0,2.6666666666666665,10,2.0917011768005955,False,True,2.2583036291470586,19,48.06927451701628,183.932,in_progress,0.0
62,17.0,3.9641288853359207,-6.142863498384868,15.851222468746565,6.666666666666668,1.3333333333333333,15,1.2114861573076132,False,True,2.468775358319622,20,48.06927451701628,183.991,in_progress,0.0
62,18.0,4.069472420448577,-6.095358830578379,19.596251428716496,-10.0,4.0,2,0.001,False,False,2.651406802720885,20,48.06927451701628,184.068,in_progress,0.0
62,19.0,4.184535180602733,-6.042110476918778,21.79687343485912,6.666666666666668,4.0,17,0.001,False,False,2.897979425113056,21,48.06927451701628,184.136,in_progress,0.0
62,20.0,4.306843333670754,-5.985243967829297,23.355315549476796,-6.666666666666668,1.3333333333333333,3,0.001,False,False,3.160472811250434,21,48.06927451701628,184.204,in_progress,0.0
62,21.0,4.4281775839696,-5.930265981814292,24.23127007625108,-10.0,4.0,2,0.001,False,False,3.338912307590969,21,48.06927451701628,184.263,in_progress,0.0
62,22.0,4.5731243682592995,-5.876539109746648,22.05087991808033,6.666666666666668,4.0,17,0.001,True,False,3.620860604277998,22,48.06927451701628,184.333,off_track,0.0
63,1.0,4.524977438536029,-4.774179753643111,53.13374026214583,10.0,1.3333333333333333,18,0.0,False,True,0.2913154054283995,24,48.06927451701628,184.47,prepare,0.0
63,2.0,4.525062057248418,-4.77431938353788,53.10549273988846,6.666666666666668,1.3333333333333333,15,1.31124062350132,False,True,0.29118066294657186,24,48.06927451701628,184.523,in_progress,0.0
63,3.0,4.530311307351292,-4.766718389950551,53.16051427782781,-3.333333333333335,1.3333333333333333,6,1.3094140429517709,False,True,0.3103957420852732,24,48.06927451701628,184.598,in_progress,0.0
63,4.0,4.541523804028294,-4.750094833832401,53.37488981303655,-10.0,2.6666666666666665,1,2.6934066187804637,False,True,0.35209684468132385,24,48.06927451701628,184.662,in_progress,0.0
63,5.0,4.5656304599291815,-4.716636085342759,53.50777301727067,-3.333333333333335,2.6666666666666665,7,2.8342999267222124,False,True,0.43788498759824435,25,48.06927451701628,184.739,in_progress,0.0
63,6.0,4.6002268326148865,-4.671495971944397,53.29955802558955,3.333333333333332,1.3333333333333333,12,1.2491309706153313,False,True,0.5561234620853922,25,48.06927451701628,184.801,in_progress,0.0
63,7.0,4.636986769899254,-4.617917561996512,53.830980468425444,0.0,4.0,11,1.236475590739737,False,True,0.6912771264238227,25,48.06927451701628,184.861,in_progress,0.0
63,8.0,4.679755010907491,-4.555364769479921,54.35695217266741,0.0,1.3333333333333333,9,1.2118748646899993,False,True,0.848257731617244,25,48.06927451701628,184.934,in_progress,0.0
63,9.0,4.733256325070033,-4.483481130672063,53.9474361266856,0.0,1.3333333333333333,9,0.001,False,True,1.033764292793321,25,48.06927451701628,184.996,in_progress,0.0
63,10.0,4.78235854263191,-4.413754020936214,54.21961333681184,3.333333333333332,1.3333333333333333,12,0.001,False,True,1.2107118513033088,26,48.06927451701628,185.068,in_progress,0.0
63,11.0,4.834436090296712,-4.341263455669525,54.26657362939477,-6.666666666666668,4.0,5,1.1087313521921245,False,True,1.3861438969120066,26,48.06927451701628,185.129,in_progress,0.0
63,12.0,4.902025217475799,-4.2532507653239,53.57034295331035,10.0,2.6666666666666665,19,2.7915968530750037,False,True,1.6087549840403392,26,48.06927451701628,185.192,in_progress,0.0
63,13.0,4.965292432018972,-4.173026166236428,52.881745539535686,10.0,1.3333333333333333,18,0.001,False,True,1.8129695355418725,27,48.06927451701628,185.265,in_progress,0.0
63,14.0,5.018915484345624,-4.075678467614459,56.18332599396289,0.0,4.0,11,1.001,False,True,2.0038286343141696,27,48.06927451701628,185.336,in_progress,0.0
63,15.0,5.075589046613075,-3.9620911335224127,59.45178109192486,6.666666666666668,4.0,17,1.001,False,True,2.259365190289586,27,48.06927451701628,185.387,in_progress,0.0
63,16.0,5.133618198914891,-3.846645961957737,61.21412458704595,6.666666666666668,4.0,17,1.001,False,True,2.5192652370558455,28,48.06927451701628,185.472,in_progress,0.0
63,17.0,5.197014869798716,-3.7047446281774175,63.73096919367893,3.333333333333332,2.6666666666666665,13,2.9994914800169497,False,True,2.765770807199747,28,48.06927451701628,185.53,in_progress,0.0
63,18.0,5.257087802730981,-3.5575014851544484,65.88387646587536,-10.0,2.6666666666666665,1,2.909493136047825,False,True,3.0778792515224445,29,48.06927451701628,185.604,in_progress,0.0
63,19.0,5.320323855375575,-3.417008866400287,65.72406867019049,3.333333333333332,1.3333333333333333,12,0.001,False,True,3.287134847727238,29,48.06927451701628,185.671,in_progress,0.0
63,20.0,5.389587484869275,-3.2610252193786056,65.95812720563886,6.666666666666668,2.6666666666666665,16,2.4534747988838395,False,True,3.5990119794782145,30,48.06927451701628,185.736,in_progress,0.0
63,21.0,5.438440662354555,-3.1328723790003714,67.48368941800399,3.333333333333332,4.0,14,1.020850976877694,False,True,3.8565889365431176,30,48.06927451701628,185.802,in_progress,0.0
63,22.0,5.495309303697772,-2.9691075305098744,69.38573328858823,-3.333333333333335,2.6666666666666665,7,0.001,False,False,4.096164562808974,30,48.06927451701628,185.871,in_progress,0.0
63,23.0,5.55697145005308,-2.7956368041057567,70.05700616736637,6.666666666666668,2.6666666666666665,16,0.001,False,False,4.432049106291033,31,48.06927451701628,185.935,in_progress,0.0
63,24.0,5.61362369461553,-2.6317729918192536,70.62349134545147,-3.333333333333335,1.3333333333333333,6,0.001,True,False,4.694774686031283,31,48.06927451701628,186.001,off_track,0.0
64,1.0,4.843639796280787,-2.4921212203898535,101.25707791488261,-10.0,4.0,2,0.0,False,True,0.2914416295729222,32,48.06927451701628,186.124,prepare,0.0
64,2.0,4.843760455196166,-2.492442157664297,101.24001105091837,10.0,2.6666666666666665,19,3.67368458241853,False,True,0.29073089520520456,32,48.06927451701628,186.191,in_progress,0.0
64,3.0,4.842819289726743,-2.4856808351321225,101.11194611096123,-10.0,2.6666666666666665,1,3.6764749045565144,False,True,0.3047996905997913,32,48.06927451701628,186.263,in_progress,0.0
64,4.0,4.841786285221295,-2.460518596150017,100.19887035210684,10.0,2.6666666666666665,19,3.6822410934175442,False,True,0.35576123231379764,32,48.06927451701628,186.314,in_progress,0.0
64,5.0,4.832166155316771,-2.41763566893197,100.65711961043229,0.0,4.0,11,1.8761811041065688,False,True,0.4470539501486598,33,48.06927451701628,186.403,in_progress,0.0
64,6.0,4.818970856689206,-2.3743346599239445,101.82587300094335,3.333333333333332,4.0,14,1.907441186423147,False,True,0.5412038954250742,33,48.06927451701628,186.465,in_progress,0.0
64,7.0,4.801099754490978,-2.3013841498104273,102.33145696234185,-3.333333333333335,1.3333333333333333,6,0.001,False,True,0.6973578142584008,33,48.06927451701628,186.537,in_progress,0.0
64,8.0,4.781782354663791,-2.221301404377344,102.77926218885487,-10.0,2.6666666666666665,1,3.980508871375614,False,True,0.8694894102122153,33,48.06927451701628,186.59,in_progress,0.0
64,9.0,4.765828303393506,-2.128337143215072,101.63747083651133,6.666666666666668,2.6666666666666665,16,3.936893125620705,False,True,1.0650276886785381,33,48.06927451701628,186.672,in_progress,0.0
64,10.0,4.7398582934256215,-2.030871132845221,102.93408294781707,6.666666666666668,1.3333333333333333,15,0.001,False,True,1.2748586306394833,34,48.06927451701628,186.729,in_progress,0.0
64,11.0,4.6976147101640455,-1.9316227318598347,107.07540210444,3.333333333333332,2.6666666666666665,13,3.768425337943279,False,True,1.4975175149887832,34,48.06927451701628,186.801,in_progress,0.0
64,12.0,4.644269644237944,-1.8371691926220959,111.97234288165969,-6.666666666666668,4.0,5,1.659260677548219,False,True,1.7131443309947842,35,48.06927451701628,186.835,in_progress,0.0
64,13.0,4.582015823640085,-1.7232619833590457,115.08093703996933,-3.333333333333335,4.0,8,0.001,False,True,1.9722605891782403,35,48.06927451701628,186.923,in_progress,0.0
64,14.0,4.5149684619403105,-1.600625464240402,116.91273151755547,3.333333333333332,1.3333333333333333,12,0.001,False,True,2.247880842238775,35,48.06927451701628,187.005,in_progress,0.0
64,15.0,4.441922106826286,-1.4827713270273457,119.31441217492008,-3.333333333333335,1.3333333333333333,6,0.001,False,True,2.518222607845566,36,48.06927451701628,187.069,in_progress,0.0
64,16.0,4.368534786275577,-1.374267343733918,121.51679941396107,0.0,2.6666666666666665,10,0.001,False,True,2.7440985182643542,36,48.06927451701628,187.127,in_progress,0.0
64,17.0,4.292704352579469,-1.2643934156033212,122.95734323871243,-3.333333333333335,4.0,8,0.001,False,True,2.992192706354149,37,48.06927451701628,187.198,in_progress,0.0
64,18.0,4.212111570462519,-1.1502725830688496,124.02701461600441,3.333333333333332,4.0,14,0.001,False,True,3.250400203237189,37,48.06927451701628,187.265,in_progress,0.0
64,19.0,4.107651632870839,-1.0117026451780775,125.81915692722312,3.333333333333332,4.0,14,0.001,False,True,3.4214654177789545,37,48.06927451701628,187.333,in_progress,0.0
64,20.0,3.9979703125916424,-0.879905982465438,128.06873968165948,6.666666666666668,4.0,17,0.001,False,False,3.689522944012355,38,48.06927451701628,187.4,in_progress,0.0
64,21.0,3.873638482980257,-0.7466437564381769,131.14534448290138,6.666666666666668,2.6666666666666665,16,0.001,False,False,3.898661474496154,38,48.06927451701628,187.465,in_progress,0.0
64,22.0,3.732037988398608,-0.6181933584247256,135.36656829121173,-3.333333333333335,4.0,8,0.001,True,False,3.901063751630676,38,48.06927451701628,187.536,off_track,0.0
65,1.0,4.739879352168834,-0.15554065983642404,68.82582020150076,-3.333333333333335,1.3333333333333333,6,0.0,False,True,0.2906257892158648,40,48.06927451701628,187.672,prepare,0.0
65,2.0,4.739678669649137,-0.15586627209784362,68.83579315298165,-6.666666666666668,1.3333333333333333,3,1.0966863455587814,False,True,0.28983066884094577,40,48.06927451701628,187.737,in_progress,0.0
65,3.0,4.740965279648463,-0.14695693103920776,69.35563703387972,0.0,2.6666666666666665,10,2.307501383479563,False,True,0.3072851971579249,40,48.06927451701628,187.802,in_progress,0.0
65,4.0,4.751380452160132,-0.12333524574775989,68.96940352765645,6.666666666666668,2.6666666666666665,16,2.3078819875489502,False,True,0.3607285555723261,40,48.06927451701628,187.869,in_progress,0.0
65,5.0,4.767447376849539,-0.07677184025911793,69.31253163015145,3.333333333333332,2.6666666666666665,13,2.3009296776468933,False,True,0.4615103025896683,40,48.06927451701628,187.935,in_progress,0.0
65,6.0,4.781505210884407,-0.03881127341660645,69.3419683687555,-3.333333333333335,1.3333333333333333,6,1.0838416747617503,False,True,0.5446535698688804,41,48.06927451701628,187.997,in_progress,0.0
65,7.0,4.8086449530708375,0.025673390202062052,68.69908549895425,6.666666666666668,2.6666666666666665,16,2.2990721907974825,False,True,0.6892258241635363,41,48.06927451701628,188.07,in_progress,0.0
65,8.0,4.833744665868213,0.09896860883635564,69.4009536050882,-3.333333333333335,2.6666666666666665,7,2.2035290012606836,False,True,0.8325652712316167,41,48.06927451701628,188.134,in_progress,0.0
65,9.0,4.863552371649192,0.1908495610599358,70.24244727938363,-3.333333333333335,4.0,8,1.001,False,True,1.0224586431503757,41,48.06927451701628,188.2,in_progress,0.0
65,10.0,4.901806884694653,0.29202295996477307,69.7624351714735,-3.333333333333335,2.6666666666666665,7,2.2035290012606836,False,True,1.238368769222803,42,48.06927451701628,188.271,in_progress,0.0
65,11.0,4.949314178895652,0.4082193060826426,68.7916268809788,-3.333333333333335,1.3333333333333333,6,1.1995868406779027,False,True,1.4491504792643106,42,48.06927451701628,188.289,in_progress,0.0
65,12.0,5.006499497832264,0.5356808895092802,67.35542101809351,-10.0,1.3333333333333333,0,1.1995868406779027,False,True,1.7215002891809994,42,48.06927451701628,188.402,in_progress,0.0
65,13.0,5.060665139191504,0.6464206207672317,65.76931093352603,-10.0,1.3333333333333333,0,1.2800656700986786,False,True,1.9646668068281414,43,48.06927451701628,188.469,in_progress,0.0
65,14.0,5.109873809857095,0.7297015425998312,63.455642571270204,6.666666666666668,2.6666666666666665,16,1.999023418026216,False,True,2.0758847602365513,44,48.06927451701628,188.538,in_progress,0.0
65,15.0,5.159799979746632,0.8165511610852507,62.283713360815966,-10.0,2.6666666666666665,1,1.999023418026216,False,True,2.2672767485959144,44,48.06927451701628,188.605,in_progress,0.0
65,16.0,5.216781109890251,0.9211058031476069,61.789050642412796,0.0,2.6666666666666665,10,1.8995069496868275,False,True,2.4924833368942636,45,48.06927451701628,188.66,in_progress,0.0
65,17.0,5.285966066978519,1.0456167562543512,61.45990855501146,10.0,2.6666666666666665,19,1.8995069496868275,False,True,2.670486587085957,45,48.06927451701628,188.733,in_progress,0.0
65,18.0,5.342465368410878,1.1773456943342269,64.32063725971983,3.333333333333332,4.0,14,0.001,False,False,2.9034665176962515,45,48.06927451701628,188.798,in_progress,0.0
65,19.0,5.390008989680112,1.3264476022794,68.82482646887537,6.666666666666668,1.3333333333333333,15,0.001,False,False,3.145346142344069,46,48.06927451701628,188.866,in_progress,0.0
65,20.0,5.424883496197166,1.4950462233933717,75.52205772476236,-3.333333333333335,1.3333333333333333,6,0.001,False,False,3.309138921373034,46,48.06927451701628,188.938,in_progress,0.0
65,21.0,5.44758781475957,1.6449926204182312,80.43772798642382,10.0,4.0,20,0.001,True,False,3.494957657141878,46,48.06927451701628,188.996,off_track,0.0
66,1.0,6.639462552547131,1.216162350278692,19.230594588988026,3.333333333333332,2.6666666666666665,13,0.0,False,True,0.2917330566463483,49,48.06927451701628,189.139,prepare,0.0
66,2.0,6.63923788865805,1.2161747770768032,19.23117410540428,-10.0,2.6666666666666665,1,2.434730254508596,False,True,0.2912917824083372,49,48.06927451701628,189.199,in_progress,0.0
66,3.0,6.645844218752051,1.2173688264267752,18.97212188579161,6.666666666666668,4.0,17,1.8785559208964653,False,True,0.3051793463316632,49,48.06927451701628,189.271,in_progress,0.0
66,4.0,6.666429507960211,1.2223951488732616,18.439239042922672,-6.666666666666668,2.6666666666666665,4,2.4111733587047217,False,True,0.3492162654234132,49,48.06927451701628,189.334,in_progress,0.0
66,5.0,6.704202114491874,1.234931490394475,18.407834100252163,-6.666666666666668,4.0,5,1.8340746713947462,False,True,0.4319581458159971,49,48.06927451701628,189.396,in_progress,0.0
66,6.0,6.747561111540937,1.2498779551564256,18.494570539417417,3.333333333333332,1.3333333333333333,12,2.5394616691462137,False,True,0.5272622524319703,50,48.06927451701628,189.468,in_progress,0.0
66,7.0,6.803762504438996,1.27288978128444,19.31075138611416,10.0,4.0,20,1.7696805217062743,False,True,0.6529213980867032,50,48.06927451701628,189.538,in_progress,0.0
66,8.0,6.876495406513899,1.3115019033261586,22.046498223550905,-10.0,2.6666666666666665,1,2.2403872578712054,False,True,0.827906435495368,50,48.06927451701628,189.596,in_progress,0.0
66,9.0,6.944520714270646,1.3492143108993684,24.29656695141293,-6.666666666666668,1.3333333333333333,3,2.432926026975479,False,True,0.9890019678504169,50,48.06927451701628,189.67,in_progress,0.0
66,10.0,7.040768380944624,1.3796891880439415,21.788192218188286,6.666666666666668,4.0,17,1.6096986106701678,False,True,1.19785328204991,51,48.06927451701628,189.733,in_progress,0.0
66,11.0,7.126593658971881,1.4054625077161704,19.97233646933619,-6.666666666666668,4.0,5,1.5299595858206996,False,True,1.382920139735383,51,48.06927451701628,189.804,in_progress,0.0
66,12.0,7.24130883635046,1.4380513700356385,18.090664765479083,-10.0,1.3333333333333333,0,0.001,False,True,1.6225721528154713,51,48.06927451701628,189.859,in_progress,0.0
66,13.0,7.354564486321537,1.455317388891446,14.298156921819922,6.666666666666668,4.0,17,0.001,False,True,1.8335335416974297,52,48.06927451701628,189.932,in_progress,0.0
66,14.0,7.476178008230516,1.4758639357558687,12.293322478354156,10.0,1.3333333333333333,18,0.001,False,True,2.0625398271276074,52,48.06927451701628,189.977,in_progress,0.0
66,15.0,7.5839548568602435,1.515257881028609,15.455532015843943,6.666666666666668,2.6666666666666665,16,0.001,False,True,2.231329056758402,52,48.06927451701628,190.069,in_progress,0.0
66,16.0,7.689964371366586,1.561084459480541,18.75288387048706,-6.666666666666668,2.6666666666666665,4,0.001,False,True,2.453042232431107,53,48.06927451701628,190.134,in_progress,0.0
66,17.0,7.8253366743978905,1.6210343519320185,21.130147968620324,3.333333333333332,4.0,14,0.001,False,True,2.7003912348580297,53,48.06927451701628,190.198,in_progress,0.0
66,18.0,7.959455334728364,1.6790095925964323,22.361847218451626,-6.666666666666668,1.3333333333333333,3,0.001,False,True,2.9088089252654994,53,48.06927451701628,190.271,in_progress,0.0
66,19.0,8.12212214321965,1.744169424197144,22.848832848289874,-6.666666666666668,2.6666666666666665,4,0.001,False,True,3.21471093689899,54,48.06927451701628,190.333,in_progress,0.0
66,20.0,8.241919812127573,1.7873304105150574,21.479241755795172,3.333333333333332,2.6666666666666665,13,0.001,False,False,3.329037952866609,54,48.06927451701628,190.404,in_progress,0.0
66,21.0,8.37805546406504,1.837551770268726,20.901679812373636,3.333333333333332,2.6666666666666665,13,0.001,False,False,3.500581295267635,54,48.06927451701628,190.469,in_progress,0.0
66,22.0,8.519902474285741,1.9040668404263952,23.205083186375365,6.666666666666668,4.0,17,0.001,False,False,3.7584542239703254,55,48.06927451701628,190.533,in_progress,0.0
66,23.0,8.691487321651458,2.0034469556149332,27.906381582183904,0.0,2.6666666666666665,10,0.001,True,False,3.95771913409787,55,48.06927451701628,190.601,off_track,0.0
67,1.0,8.08735513384792,2.936125534307526,79.0955175421047,-10.0,1.3333333333333333,0,0.0,False,True,0.2909457230575174,57,48.06927451701628,190.733,prepare,0.0
67,2.0,8.087497944034835,2.935875962570909,79.0548130479885,-10.0,1.3333333333333333,0,1.9603344940531793,False,True,0.29044054231857075,57,48.06927451701628,190.802,in_progress,0.0
67,3.0,8.089948229839605,2.9451796103931405,78.88798834024273,6.666666666666668,4.0,17,1.1897171836654492,False,True,0.31000651290215564,57,48.06927451701628,190.864,in_progress,0.0
67,4.0,8.095808690485251,2.968603227529103,78.66789289751371,-10.0,4.0,2,1.1839952248979313,False,True,0.3592382651854853,57,48.06927451701628,190.923,in_progress,0.0
67,5.0,8.10494981551415,3.0050429840694695,78.19829355541835,-10.0,1.3333333333333333,0,1.9431605259697151,False,True,0.43582960984802077,57,48.06927451701628,191.006,in_progress,0.0
67,6.0,8.124705556406704,3.056249888327196,76.10368852114581,0.0,1.3333333333333333,9,1.917694087830359,False,True,0.5441115601187818,58,48.06927451701628,191.071,in_progress,0.0
67,7.0,8.145162757684234,3.1260814106173758,75.40548373508177,-3.333333333333335,2.6666666666666665,7,1.6166618732072482,False,True,0.6911651914584149,58,48.06927451701628,191.123,in_progress,0.0
67,8.0,8.16125719313573,3.188645376857091,75.43797282191382,10.0,1.3333333333333333,18,1.8611752052103632,False,True,0.8227037609914833,58,48.06927451701628,191.193,in_progress,0.0
67,9.0,8.171421609687549,3.27350041649825,77.84507358919696,10.0,4.0,20,1.100775081576261,False,True,0.9775459204696468,58,48.06927451701628,191.252,in_progress,0.0
67,10.0,8.177971350533443,3.3683508732466607,80.83071319552356,-10.0,1.3333333333333333,0,1.8422413243535765,False,True,1.172787782858814,59,48.06927451701628,191.32,in_progress,0.0
67,11.0,8.192073269287258,3.469866162501889,82.86218978896139,3.333333333333332,4.0,14,1.0696590815818152,False,True,1.3803968469744965,59,48.06927451701628,191.401,in_progress,0.0
67,12.0,8.210060598364848,3.5726833375568217,81.90759146103571,10.0,4.0,20,1.031757923978879,False,True,1.5505859446030057,59,48.06927451701628,191.458,in_progress,0.0
67,13.0,8.221012342326603,3.688243396674653,83.07388161888863,10.0,1.3333333333333333,18,1.6924143122090891,False,True,1.7805230003256123,59,48.06927451701628,191.524,in_progress,0.0
67,14.0,8.224029864895153,3.7988677773163695,85.55330727499279,-6.666666666666668,1.3333333333333333,3,1.6924143122090891,False,True,2.003967598892098,60,48.06927451701628,191.601,in_progress,0.0
67,15.0,8.227113982606475,3.9024917696911525,86.60707718538448,-3.333333333333335,2.6666666666666665,7,1.54579123588079,False,True,2.15808083944804,60,48.06927451701628,191.662,in_progress,0.0
67,16.0,8.240504011664084,4.018925955624683,85.09388576440287,0.0,1.3333333333333333,9,1.6415333145374567,False,True,2.3788237523857116,60,48.06927451701628,191.728,in_progress,0.0
67,17.0,8.264410584442407,4.133618872618047,81.95832237739843,-10.0,1.3333333333333333,0,1.6415333145374567,False,True,2.589166208480859,61,48.06927451701628,191.793,in_progress,0.0
67,18.0,8.293057058707245,4.235120181084131,78.8840444078792,3.333333333333332,2.6666666666666665,13,1.5951976747222423,False,True,2.7304541781454916,61,48.06927451701628,191.868,in_progress,0.0
67,19.0,8.331376697966272,4.3449246561938875,75.461082628738,-3.333333333333335,4.0,8,0.001,False,True,2.877848762609181,61,48.06927451701628,191.926,in_progress,0.0
67,20.0,8.375318001851449,4.460733224205052,72.488179159445,10.0,2.6666666666666665,19,0.001,False,False,3.063072145918194,62,48.06927451701628,192.0,in_progress,0.0
67,21.0,8.420907508480036,4.591236981739961,71.68589473737772,10.0,4.0,20,0.001,False,False,3.2750262335487887,62,48.06927451701628,192.06,in_progress,0.0
67,22.0,8.458279505999508,4.7375898457812395,73.88012817849108,0.0,4.0,11,0.001,True,False,3.3672936332893864,62,48.06927451701628,192.138,off_track,0.0
68,1.0,7.254643076637082,5.120259907753642,130.54229289202243,-3.333333333333335,1.3333333333333333,6,0.0,False,True,0.29162653551524365,65,48.06927451701628,192.262,prepare,0.0
68,2.0,7.2547360742636995,5.12005522888829,130.5603996360266,6.666666666666668,1.3333333333333333,15,2.1316994025969462,False,True,0.29118465040585684,65,48.06927451701628,192.331,in_progress,0.0
68,3.0,7.251009656550987,5.125932779449484,130.3241643820805,-10.0,4.0,2,1.8053963854170942,False,True,0.3053874477324581,65,48.06927451701628,192.403,in_progress,0.0
68,4.0,7.23985125460452,5.14343682195911,129.51086434005384,-6.666666666666668,4.0,5,1.801999709462035,False,True,0.347772059104573,65,48.06927451701628,192.455,in_progress,0.0
68,5.0,7.225276820875203,5.175257583597248,127.43275641552393,-6.666666666666668,4.0,5,1.7873318025696618,False,True,0.41663735933950563,65,48.06927451701628,192.54,in_progress,0.0
68,6.0,7.204870027379063,5.224707024627004,124.1438074489939,10.0,1.3333333333333333,18,2.086337640495076,False,True,0.5204402579037315,65,48.06927451701628,192.603,in_progress,0.0
68,7.0,7.177756787019533,5.274909798106356,122.48587682529566,10.0,1.3333333333333333,18,1.9872772897742053,False,True,0.6349926086928748,66,48.06927451701628,192.663,in_progress,0.0
68,8.0,7.131319605310393,5.3331168070903905,124.1748109203672,10.0,1.3333333333333333,18,1.9898656152654306,False,True,0.7893130797792747,66,48.06927451701628,192.73,in_progress,0.0
68,9.0,7.073598381060534,5.393973588770551,127.17232999555266,10.0,1.3333333333333333,18,1.99912096455114,False,True,0.9614194749392624,66,48.06927451701628,192.795,in_progress,0.0
68,10.0,7.016124957799949,5.448729091630693,129.90693817864047,10.0,4.0,20,1.765442023638012,False,True,1.1264842426827903,66,48.06927451701628,192.872,in_progress,0.0
68,11.0,6.944105528629229,5.512909203100377,133.1297483239033,-10.0,2.6666666666666665,1,2.9373601277848085,False,True,1.3267661531908614,67,48.06927451701628,192.932,in_progress,0.0
68,12.0,6.872225943499489,5.586403423734784,133.68967256686213,-3.333333333333335,4.0,8,1.7855665847816857,False,True,1.5355444206835989,67,48.06927451701628,192.998,in_progress,0.0
68,13.0,6.801257963371509,5.681807388442419,130.49965740053494,-6.666666666666668,1.3333333333333333,3,1.909182155907218,False,True,1.7785882276613596,67,48.06927451701628,193.055,in_progress,0.0
68,14.0,6.745175905660516,5.791623301756844,123.9684355909306,-6.666666666666668,4.0,5,1.659874199884011,False,True,2.019156747491663,68,48.06927451701628,193.134,in_progress,0.0
68,15.0,6.698335841609175,5.895645969649784,119.83595865433651,3.333333333333332,2.6666666666666665,13,2.825948083772091,False,True,2.212567686777361,68,48.06927451701628,193.197,in_progress,0.0
68,16.0,6.641106697182841,6.020892971895781,116.92754142777521,-3.333333333333335,4.0,8,1.4445966077531218,False,True,2.4678347612390903,69,48.06927451701628,193.265,in_progress,0.0
68,17.0,6.57900403837803,6.154535622946506,115.78689504698868,0.0,2.6666666666666665,10,2.6697421764717038,False,True,2.741902975730265,69,48.06927451701628,193.335,in_progress,0.0
68,18.0,6.515637894130826,6.292941859081365,115.01108607101033,-3.333333333333335,4.0,8,0.001,False,True,2.9592289134389773,69,48.06927451701628,193.4,in_progress,0.0
68,19.0,6.450057589250196,6.4494902435233685,113.63497397116191,6.666666666666668,2.6666666666666665,16,0.001,False,True,3.2530408935257658,70,48.06927451701628,193.471,in_progress,0.0
68,20.0,6.371981733744306,6.616578840122665,114.53605531525133,10.0,1.3333333333333333,18,0.001,False,False,3.475198630190551,70,48.06927451701628,193.536,in_progress,0.0
68,21.0,6.289398846962151,6.758530757727707,117.71996848889296,0.0,1.3333333333333333,9,0.001,False,False,3.7669373490961777,71,48.06927451701628,193.601,in_progress,0.0
68,22.0,6.2112146226625065,6.8867326405079465,119.72996088247027,-3.333333333333335,1.3333333333333333,6,0.001,True,False,4.020229639626294,71,48.06927451701628,193.664,off_track,0.0
69,1.0,5.299435135338134,6.456293403054375,162.0916461731962,3.333333333333332,1.3333333333333333,12,0.0,False,True,0.29148104180444223,73,48.06927451701628,193.797,prepare,0.0
69,2.0,5.299599661524373,6.456397529789699,162.05787757901956,0.0,2.6666666666666665,10,3.5013946784959797,False,True,0.29119589834710746,73,48.06927451701628,193.875,in_progress,0.0
69,3.0,5.291048595969805,6.459886767077396,161.86367226463395,6.666666666666668,2.6666666666666665,16,3.498951438927042,False,True,0.31015786006050594,73,48.06927451701628,193.932,in_progress,0.0
69,4.0,5.268960219760166,6.4656021171064495,162.24380028812897,3.333333333333332,1.3333333333333333,12,0.001,False,True,0.35760422793678637,73,48.06927451701628,193.992,in_progress,0.0
69,5.0,5.229075357761443,6.477227293390735,162.57140770058777,-6.666666666666668,2.6666666666666665,4,3.4958242659360974,False,True,0.4438851336191041,73,48.06927451701628,194.068,in_progress,0.0
69,6.0,5.1683499655658425,6.501394708321016,161.40894788571669,0.0,2.6666666666666665,10,3.4797121694066213,False,True,0.5782590009396293,73,48.06927451701628,194.125,in_progress,0.0
69,7.0,5.114757603297263,6.527908082810511,159.5916353041282,6.666666666666668,2.6666666666666665,16,3.510651728241198,False,True,0.6992614335811553,74,48.06927451701628,194.193,in_progress,0.0
69,8.0,5.034024921525511,6.563727162593792,158.4126392725197,0.0,2.6666666666666665,10,3.4825328987871416,False,True,0.8796243564814787,74,48.06927451701628,194.262,in_progress,0.0
69,9.0,4.9373593898975345,6.609989004257468,156.7836996590678,6.666666666666668,1.3333333333333333,15,0.001,False,True,1.0882382013618852,74,48.06927451701628,194.333,in_progress,0.0
69,10.0,4.850117156470363,6.653474019940617,155.50334866345247,6.666666666666668,1.3333333333333333,15,0.001,False,True,1.2821840356113834,75,48.06927451701628,194.398,in_progress,0.0
69,11.0,4.756302252821324,6.695328147527002,155.68660606530722,3.333333333333332,1.3333333333333333,12,0.001,False,True,1.489054624273839,75,48.06927451701628,194.467,in_progress,0.0
69,12.0,4.666620849517075,6.736100172841443,155.60510432657264,-3.333333333333335,2.6666666666666665,7,3.329527769370422,False,True,1.6758037695686678,75,48.06927451701628,194.532,in_progress,0.0
69,13.0,4.572129431012792,6.781935814140256,155.02881112616728,10.0,2.6666666666666665,19,3.31364277091313,False,True,1.8831586286007007,76,48.06927451701628,194.605,in_progress,0.0
69,14.0,4.469291270274739,6.82809054605511,155.40408650367726,6.666666666666668,2.6666666666666665,16,3.246661268140812,False,True,2.107815169059002,76,48.06927451701628,194.669,in_progress,0.0
69,15.0,4.346339068428858,6.873061008155813,157.50587824898824,0.0,4.0,11,1.3590587078836296,False,True,2.344004799158955,76,48.06927451701628,194.731,in_progress,0.0
69,16.0,4.207161635348019,6.923837435732979,158.64852552773843,10.0,4.0,20,1.2714623093274562,False,True,2.640632485495209,77,48.06927451701628,194.803,in_progress,0.0
69,17.0,4.051299481604843,6.976657432952583,160.1650931682545,-3.333333333333335,2.6666666666666665,7,3.044596319528101,False,True,2.9324577500419946,77,48.06927451701628,194.87,in_progress,0.0
69,18.0,3.885372421929421,7.0280573401684165,161.537876075832,0.0,2.6666666666666665,10,2.99072570690943,False,True,3.279569490918033,78,48.06927451701628,194.93,in_progress,0.0
69,19.0,3.7223177648915864,7.0773173621674035,162.54887361192502,-10.0,4.0,2,1.001,False,True,3.576060619120497,78,48.06927451701628,194.993,in_progress,0.0
69,20.0,3.5485088896392183,7.13108717594478,162.67809767696605,-10.0,2.6666666666666665,1,0.001,False,False,3.9340835217564374,79,48.06927451701628,195.065,in_progress,0.0
69,21.0,3.3688348059471185,7.199551253271008,160.46457750792084,-6.666666666666668,1.3333333333333333,3,0.001,False,False,4.271076562176557,79,48.06927451701628,195.126,in_progress,0.0
69,22.0,3.20341353231002,7.276247362609368,157.18844034567718,6.666666666666668,1.3333333333333333,15,0.001,False,False,4.605496373000134,80,48.06927451701628,195.201,in_progress,0.0
69,23.0,3.0677051231052728,7.340698783010364,155.70119094345338,-6.666666666666668,4.0,5,0.001,True,False,4.868810138436164,80,48.06927451701628,195.268,off_track,0.0
70,1.0,2.912223377416579,6.594509231503317,-176.34313413230845,0.0,1.3333333333333333,9,0.0,False,True,0.2915786773736939,81,48.06927451701628,195.401,prepare,0.0
70,2.0,2.9123870476237554,6.594453721229107,-176.3069592146953,3.333333333333332,2.6666666666666665,13,3.566684679217799,False,True,0.2912463343927585,81,48.06927451701628,195.468,in_progress,0.0
70,3.0,2.904446251010575,6.594473840503292,-176.4382644077747,10.0,2.6666666666666665,19,3.5625515614325236,False,True,0.30772881997158663,81,48.06927451701628,195.536,in_progress,0.0
70,4.0,2.88421590854596,6.593527905102341,-176.56663180604497,10.0,4.0,20,1.5785107013718886,False,True,0.349815187904956,81,48.06927451701628,195.599,in_progress,0.0
70,5.0,2.848204710381749,6.589073344671416,-176.00470630073357,-10.0,4.0,2,1.5679424038898373,False,True,0.42523801594060995,81,48.06927451701628,195.66,in_progress,0.0
70,6.0,2.7939355215703388,6.589941913883028,-177.0705323166815,-6.666666666666668,4.0,5,1.5383491644696041,False,True,0.5376074605637493,81,48.06927451701628,195.734,in_progress,0.0
70,7.0,2.7297270898238732,6.601923890826383,179.38113777596809,3.333333333333332,4.0,14,1.4835875875865216,False,True,0.6686882495448576,82,48.06927451701628,195.805,in_progress,0.0
70,8.0,2.648633504286025,6.6145426635106634,176.70217760382903,10.0,4.0,20,1.4189510653554134,False,True,0.8346687997947355,82,48.06927451701628,195.871,in_progress,0.0
70,9.0,2.555598794402321,6.621198251549256,176.2905470397093,-3.333333333333335,4.0,8,1.3548110682668117,False,True,1.0213962971759694,82,48.06927451701628,195.94,in_progress,0.0
70,10.0,2.4350466119182,6.6358099936551,174.8228135410014,-10.0,2.6666666666666665,1,2.92508493072615,False,True,1.266451474976582,83,48.06927451701628,196.001,in_progress,0.0
70,11.0,2.3242839846391017,6.664848917460463,170.72527343575533,3.333333333333332,4.0,14,1.1364485403298525,False,True,1.4875640115477706,83,48.06927451701628,196.058,in_progress,0.0
70,12.0,2.1883226994254854,6.702908260504083,167.4990243808178,6.666666666666668,2.6666666666666665,16,0.001,False,True,1.7258201056996603,83,48.06927451701628,196.133,in_progress,0.0
70,13.0,2.0537028971609517,6.731327181104213,167.66858780443934,3.333333333333332,4.0,14,0.001,False,True,1.9876241424943708,84,48.06927451701628,196.203,in_progress,0.0
70,14.0,1.8830720988572578,6.76308010576742,168.58264543063115,10.0,2.6666666666666665,19,0.001,False,True,2.2338094062067992,84,48.06927451701628,196.27,in_progress,0.0
70,15.0,1.7179535741211944,6.789121718179632,169.97384489191987,-6.666666666666668,2.6666666666666665,4,0.001,False,True,2.5394046752501898,85,48.06927451701628,196.334,in_progress,0.0
70,16.0,1.5317086061776788,6.822926640729316,169.6403924518153,10.0,2.6666666666666665,19,0.001,False,False,2.826215399114862,85,48.06927451701628,196.396,in_progress,0.0
70,17.0,1.3710686052019427,6.855270204033587,169.12498837222861,3.333333333333332,1.3333333333333333,12,0.001,False,False,2.9790420357579284,85,48.06927451701628,196.469,in_progress,0.0
70,18.0,1.1856629377722439,6.878590975946789,171.3988041409134,3.333333333333332,4.0,14,0.001,False,False,3.294225672022577,86,48.06927451701628,196.534,in_progress,0.0
70,19.0,1.015835117374363,6.885606416974702,175.5397903866132,6.666666666666668,1.3333333333333333,15,0.001,True,False,3.454805878074474,86,48.06927451701628,196.603,off_track,0.0
71,1.0,0.8448082904605957,5.588269306994355,-132.15982402474248,-6.666666666666668,1.3333333333333333,3,0.0,False,True,0.29173139179958785,89,48.06927451701628,196.739,prepare,0.0
71,2.0,0.8447664169716378,5.5886222254233955,-132.23263471307533,10.0,2.6666666666666665,19,0.001,False,True,0.2912463343927585,89,48.06927451701628,196.804,in_progress,0.0
71,3.0,0.8367824702706044,5.581328799933434,-132.52918191126508,10.0,1.3333333333333333,18,0.001,False,True,0.31364434481734316,89,48.06927451701628,196.868,in_progress,0.0
71,4.0,0.8254251721845884,5.565114680869828,-131.9506807218112,6.666666666666668,1.3333333333333333,15,0.001,False,True,0.3544095413543835,89,48.06927451701628,196.928,in_progress,0.0
71,5.0,0.8056156968823329,5.530721210792525,-129.98842786222963,3.333333333333332,4.0,14,3.770971731539337,False,True,0.4345707652962827,89,48.06927451701628,196.999,in_progress,0.0
71,6.0,0.7789224784662372,5.487578386638047,-128.22935519219521,-10.0,4.0,2,3.813508632994936,False,True,0.5377805015568948,89,48.06927451701628,197.068,in_progress,0.0
71,7.0,0.7342803382649992,5.429346525341184,-128.09810968714262,0.0,4.0,11,3.862437497284226,False,True,0.68949189592723,90,48.06927451701628,197.121,in_progress,0.0
71,8.0,0.6893244956207274,5.36843067431292,-127.54835976962244,3.333333333333332,1.3333333333333333,12,0.001,False,True,0.8456843146229742,90,48.06927451701628,197.2,in_progress,0.0
71,9.0,0.6422226933144332,5.290212438043283,-125.39129118231689,6.666666666666668,2.6666666666666665,16,0.001,False,True,1.0294985852194016,90,48.06927451701628,197.27,in_progress,0.0
71,10.0,0.6008096155052289,5.204631066770547,-121.85263377593321,0.0,4.0,11,3.9121693996589677,False,True,1.2168975002531002,90,48.06927451701628,197.334,in_progress,0.0
71,11.0,0.5544072070224728,5.092146792501722,-117.61830352067965,-3.333333333333335,2.6666666666666665,7,0.001,False,True,1.4515040755639252,91,48.06927451701628,197.389,in_progress,0.0
71,12.0,0.51112111862747,4.9856339591818895,-115.30000088998075,0.0,2.6666666666666665,10,0.001,False,True,1.6696829535680746,91,48.06927451701628,197.467,in_progress,0.0
71,13.0,0.4598531686481743,4.848342827175315,-112.79302619233431,-6.666666666666668,4.0,5,0.001,False,True,1.947196356385117,92,48.06927451701628,197.54,in_progress,0.0
71,14.0,0.40580073314264187,4.693393650622461,-110.93453583938145,6.666666666666668,2.6666666666666665,16,0.001,False,True,2.2406435804370295,92,48.06927451701628,197.601,in_progress,0.0
71,15.0,0.360278491908118,4.547704954950133,-109.07552624992496,6.666666666666668,4.0,17,0.001,False,True,2.518808545942297,92,48.06927451701628,197.633,in_progress,0.0
71,16.0,0.31826140515729906,4.37462705025069,-105.75609818606488,-3.333333333333335,2.6666666666666665,7,0.001,False,True,2.831159359784763,93,48.06927451701628,197.738,in_progress,0.0
71,17.0,0.28206514662084076,4.197756128729267,-103.23971071786652,3.333333333333332,4.0,14,0.001,False,False,3.089343948045875,93,48.06927451701628,197.803,in_progress,0.0
71,18.0,0.25011520516224145,4.00994059555772,-100.90638338216105,3.333333333333332,4.0,14,0.001,False,False,3.3977026102759655,94,48.06927451701628,197.866,in_progress,0.0
71,19.0,0.22556772673028957,3.7998125085816716,-98.02881286664406,10.0,1.3333333333333333,18,0.001,True,False,3.619215611684845,94,48.06927451701628,197.93,off_track,0.0
72,1.0,-0.9650326325696728,4.021995301978063,-149.12877606663002,0.0,4.0,11,0.0,False,True,0.2918210949902189,97,48.06927451701628,198.067,prepare,0.0
72,2.0,-0.9647770685246141,4.022106252977783,-149.12355966658552,0.0,4.0,11,2.8264067808665345,False,True,0.2912463343927585,97,48.06927451701628,198.138,in_progress,0.0
72,3.0,-0.9720479415550676,4.020260180257599,-149.66794569685413,-3.333333333333335,1.3333333333333333,6,0.001,False,True,0.306199334919921,97,48.06927451701628,198.202,in_progress,0.0
72,4.0,-0.9868851397898828,4.014252314690231,-150.4615676406822,-3.333333333333335,1.3333333333333333,6,0.001,False,True,0.339105131954498,97,48.06927451701628,198.273,in_progress,0.0
72,5.0,-1.0177043569748716,3.9997735732695334,-151.09928657855372,-10.0,2.6666666666666665,1,1.5834298869106844,False,True,0.41044693786105313,97,48.06927451701628,198.333,in_progress,0.0
72,6.0,-1.061526017134982,3.981225607499063,-152.23611035726222,3.333333333333332,4.0,14,2.839878218160293,False,True,0.5090946651112427,97,48.06927451701628,198.399,in_progress,0.0
72,7.0,-1.114422924371604,3.9557058033815213,-152.71061256614266,-10.0,4.0,2,2.8409092523576285,False,True,0.6312022382650828,97,48.06927451701628,198.472,in_progress,0.0
72,8.0,-1.185650167630036,3.921755532337084,-153.3052714283603,10.0,4.0,20,2.8267776913303795,False,True,0.7952240068099803,98,48.06927451701628,198.535,in_progress,0.0
72,9.0,-1.2656611708752628,3.8781488494038996,-152.6391152438571,10.0,2.6666666666666665,19,1.5928943607839072,False,True,0.9847674784813742,98,48.06927451701628,198.603,in_progress,0.0
72,10.0,-1.348962703608241,3.8125802330339456,-148.44803376267367,3.333333333333332,4.0,14,2.773623827357636,False,True,1.2008066464751943,98,48.06927451701628,198.671,in_progress,0.0
72,11.0,-1.4360417721786083,3.7270048952309454,-142.75554523567962,-3.333333333333335,4.0,8,2.695937808361183,False,True,1.4396046708092025,99,48.06927451701628,198.736,in_progress,0.0
72,12.0,-1.5324524943772881,3.6260944074310384,-138.38273225129433,0.0,2.6666666666666665,10,1.3701017225193104,False,True,1.6974840967166838,99,48.06927451701628,198.801,in_progress,0.0
72,13.0,-1.6393445138405576,3.4995917299318045,-133.7127446654534,-3.333333333333335,2.6666666666666665,7,1.2297357231423331,False,True,2.000692874212273,100,48.06927451701628,198.865,in_progress,0.0
72,14.0,-1.7352151820340278,3.3728139295187187,-130.06908110013052,-3.333333333333335,2.6666666666666665,7,1.079871317874747,False,True,2.259398812252733,100,48.06927451701628,198.938,in_progress,0.0
72,15.0,-1.837437892301674,3.229631036176477,-127.46113895607192,-3.333333333333335,4.0,8,0.001,False,True,2.5478898213074253,100,48.06927451701628,199.002,in_progress,0.0
72,16.0,-1.9338674457835745,3.0869122198842294,-125.5444601394629,3.333333333333332,2.6666666666666665,13,0.001,False,True,2.8316334627123796,101,48.06927451701628,199.059,in_progress,0.0
72,17.0,-2.0406443691445406,2.9131861992232495,-122.94657585163338,6.666666666666668,4.0,17,0.001,False,False,3.0824214189499655,101,48.06927451701628,199.125,in_progress,0.0
72,18.0,-2.1241182171086535,2.757970973880516,-120.02726516668851,10.0,2.6666666666666665,19,0.001,False,False,3.3336950698322765,102,48.06927451701628,199.196,in_progress,0.0
72,19.0,-2.219746148114502,2.5383155906517905,-115.20619368931297,6.666666666666668,2.6666666666666665,16,0.001,True,False,3.5418968187676314,102,48.06927451701628,199.27,off_track,0.0
73,1.0,-3.242437274672245,3.312816618654795,-173.5309525961456,-6.666666666666668,4.0,5,0.0,False,True,0.2921723395615583,105,48.06927451701628,199.402,prepare,0.0
73,2.0,-3.2420097944926423,3.3129976545359865,-173.54445704598194,-6.666666666666668,1.3333333333333333,3,0.001,False,True,0.2912463343927585,105,48.06927451701628,199.462,in_progress,0.0
73,3.0,-3.2500184408134842,3.3098487523064697,-173.0044647968613,-3.333333333333335,2.6666666666666665,7,3.559368154456871,False,True,0.30853784727261635,105,48.06927451701628,199.533,in_progress,0.0
73,4.0,-3.27395576715267,3.3070559945173454,-173.0782110668532,10.0,2.6666666666666665,19,3.5647896083961452,False,True,0.35867287727318065,105,48.06927451701628,199.593,in_progress,0.0
73,5.0,-3.3123162384813347,3.2955846812038754,-171.48542998250176,3.333333333333332,4.0,14,1.7399178425296156,False,True,0.43967351932371335,105,48.06927451701628,199.67,in_progress,0.0
73,6.0,-3.365666740238274,3.2771831951202564,-169.18725726626647,3.333333333333332,1.3333333333333333,12,0.001,False,True,0.5529029752192938,105,48.06927451701628,199.732,in_progress,0.0
73,7.0,-3.4314169100960994,3.2532200989364055,-166.68184239361238,-3.333333333333335,4.0,8,1.70715943365424,False,True,0.6926218998579703,105,48.06927451701628,199.803,in_progress,0.0
73,8.0,-3.495155978569404,3.2268711006935975,-164.1974473778348,-3.333333333333335,2.6666666666666665,7,3.6529568133990837,False,True,0.828486718800725,106,48.06927451701628,199.868,in_progress,0.0
73,9.0,-3.5812921683984684,3.19377064391666,-162.4413168333286,-3.333333333333335,4.0,8,1.6542347262880712,False,True,1.0117555375583565,106,48.06927451701628,199.938,in_progress,0.0
73,10.0,-3.685286496078017,3.1541411318161803,-161.105908681399,-6.666666666666668,1.3333333333333333,3,0.001,False,True,1.2167260942788083,106,48.06927451701628,200.002,in_progress,0.0
73,11.0,-3.7830472656985155,3.1191481499906692,-160.69316898328546,3.333333333333332,1.3333333333333333,12,0.001,False,True,1.4204360712271935,107,48.06927451701628,200.052,in_progress,0.0
73,12.0,-3.8952694241281565,3.0661108652165647,-158.02099091394672,6.666666666666668,1.3333333333333333,15,0.001,False,True,1.6544041848118862,107,48.06927451701628,200.132,in_progress,0.0
73,13.0,-3.9635314046265684,3.0237899168063476,-154.97740930561747,-3.333333333333335,2.6666666666666665,7,3.452673620607383,False,True,1.752027442650217,107,48.06927451701628,200.188,in_progress,0.0
73,14.0,-4.05111669024523,2.968298706015294,-152.20928219384302,0.0,2.6666666666666665,10,3.3401319865610275,False,True,1.9248306304777363,107,48.06927451701628,200.263,in_progress,0.0
73,15.0,-4.167765062853902,2.900310445294554,-151.05542064708277,10.0,2.6666666666666665,19,3.2464255396552533,False,True,2.155919618731117,108,48.06927451701628,200.334,in_progress,0.0
73,16.0,-4.268749145752796,2.8324099174007906,-148.83170855383153,-3.333333333333335,2.6666666666666665,7,3.097872797994643,False,True,2.3041517873824024,108,48.06927451701628,200.378,in_progress,0.0
73,17.0,-4.381025645833914,2.749971634245306,-146.46378449027443,3.333333333333332,4.0,14,0.001,False,False,2.5140779132749147,108,48.06927451701628,200.466,in_progress,0.0
73,18.0,-4.520471741413091,2.645987599417525,-144.61720983980285,0.0,2.6666666666666665,10,0.001,False,False,2.7743822795939455,109,48.06927451701628,200.533,in_progress,0.0
73,19.0,-4.6526390972139176,2.5420390372033204,-142.95613533051483,-3.333333333333335,1.3333333333333333,6,0.001,True,False,3.1622414488607586,109,48.06927451701628,200.605,off_track,0.0
74,1.0,-5.630816944225477,3.238696252740611,-167.10096430557897,-10.0,2.6666666666666665,1,0.0,False,True,0.29168345601937595,113,48.06927451701628,200.736,prepare,0.0
74,2.0,-5.630623967189756,3.238794921189904,-167.11410111277772,-6.666666666666668,1.3333333333333333,3,0.001,False,True,0.2912463343927585,113,48.06927451701628,200.804,in_progress,0.0
74,3.0,-5.636959541591081,3.233859387077069,-166.23197077471548,6.666666666666668,4.0,17,1.3686414122590507,False,True,0.30638426721504297,113,48.06927451701628,200.87,in_progress,0.0
74,4.0,-5.658483136148385,3.2283275586600246,-166.2879630458783,-10.0,1.3333333333333333,0,0.001,False,True,0.3525992374569742,113,48.06927451701628,200.911,in_progress,0.0
74,5.0,-5.691253825205261,3.2288444044148377,-168.06432904125236,6.666666666666668,2.6666666666666665,16,3.088569126084252,False,True,0.41881645008060575,113,48.06927451701628,200.991,in_progress,0.0
74,6.0,-5.733633305733128,3.225079759197314,-169.2274307225973,10.0,1.3333333333333333,18,0.001,False,True,0.5043199008928356,113,48.06927451701628,201.065,in_progress,0.0
74,7.0,-5.796427447196074,3.2050812740160266,-167.56207542092264,-10.0,4.0,2,1.2964237663045637,False,True,0.6414096263061442,113,48.06927451701628,201.135,in_progress,0.0
74,8.0,-5.862644409136171,3.179159977494386,-165.13356319435255,-10.0,1.3333333333333333,0,0.001,False,True,0.789124623400983,114,48.06927451701628,201.204,in_progress,0.0
74,9.0,-5.943221914606459,3.1678824653089426,-167.07603508000315,-6.666666666666668,2.6666666666666665,4,2.9905762765762116,False,True,0.9556542971591919,114,48.06927451701628,201.257,in_progress,0.0
74,10.0,-6.038869922452347,3.1643174854486213,-170.9741460768175,10.0,2.6666666666666665,19,2.9164525880139065,False,True,1.1354056196636209,114,48.06927451701628,201.337,in_progress,0.0
74,11.0,-6.140995189721883,3.1513859117332803,-171.55080342993014,-10.0,1.3333333333333333,0,0.001,False,True,1.3401148567895205,114,48.06927451701628,201.401,in_progress,0.0
74,12.0,-6.250176130911425,3.1304947549810302,-170.6019595710421,-6.666666666666668,1.3333333333333333,3,0.001,False,True,1.5650148619925308,115,48.06927451701628,201.462,in_progress,0.0
74,13.0,-6.373210571495261,3.1222877927823527,-173.05867783448116,0.0,2.6666666666666665,10,2.7501062269425427,False,True,1.768726910949392,115,48.06927451701628,201.536,in_progress,0.0
74,14.0,-6.456533092119118,3.1201356427258347,-174.85651804140377,-3.333333333333335,4.0,8,1.001,False,True,1.9200067740876348,115,48.06927451701628,201.596,in_progress,0.0
74,15.0,-6.580888515329201,3.1169568602858044,-176.75037343650737,6.666666666666668,1.3333333333333333,15,0.001,False,True,2.145750415146308,116,48.06927451701628,201.667,in_progress,0.0
74,16.0,-6.695820801512639,3.109343377077643,-177.3690191894517,-3.333333333333335,2.6666666666666665,7,0.001,False,True,2.3231433259361056,116,48.06927451701628,201.737,in_progress,0.0
74,17.0,-6.824831219659251,3.0999162233023343,-176.84672883300158,0.0,2.6666666666666665,10,0.001,False,True,2.5090907465332046,116,48.06927451701628,201.804,in_progress,0.0
74,18.0,-6.949037020329171,3.095062086049845,-177.27173176895454,6.666666666666668,2.6666666666666665,16,0.001,False,True,2.7205546578648265,117,48.06927451701628,201.87,in_progress,0.0
74,19.0,-7.091073028642651,3.0855123205039647,-176.71740902129793,3.333333333333332,1.3333333333333333,12,0.001,False,False,2.952021703396135,117,48.06927451701628,201.927,in_progress,0.0
74,20.0,-7.2446281041546365,3.07340105809212,-176.07756666698566,6.666666666666668,2.6666666666666665,16,0.001,False,False,3.083702977586311,117,48.06927451701628,202.001,in_progress,0.0
74,21.0,-7.397614735398863,3.0574714652907757,-174.9503200338742,6.666666666666668,2.6666666666666665,16,0.001,False,False,3.335226617301945,118,48.06927451701628,202.069,in_progress,0.0
74,22.0,-7.525910751023459,3.036522248433225,-172.99462784692946,10.0,4.0,20,0.001,True,False,3.5571509078407115,118,48.06927451701628,202.139,off_track,0.0
75,1.0,-7.4367962983026725,1.7755361002549856,-118.36323713823711,-3.333333333333335,4.0,8,0.0,False,True,0.2918708772401857,121,48.06927451701628,202.244,prepare,0.0
75,2.0,-7.436574240642079,1.7757574600422237,-118.32279954282791,-3.333333333333335,4.0,8,1.483045869483836,False,True,0.2912463343927585,121,48.06927451701628,202.327,in_progress,0.0
75,3.0,-7.439317530996549,1.7670685229770529,-117.8752534974763,-3.333333333333335,1.3333333333333333,6,0.001,False,True,0.30986591055508494,121,48.06927451701628,202.403,in_progress,0.0
75,4.0,-7.449049256635427,1.7534638784605798,-118.60519895852296,-6.666666666666668,1.3333333333333333,3,0.001,False,True,0.3443850909346513,121,48.06927451701628,202.46,in_progress,0.0
75,5.0,-7.468047367430667,1.7245353851556366,-119.3587138024692,0.0,2.6666666666666665,10,3.2758336631016345,False,True,0.4161125301759827,121,48.06927451701628,202.535,in_progress,0.0
75,6.0,-7.493936841902497,1.6840690263946494,-120.06668846056431,6.666666666666668,1.3333333333333333,15,0.001,False,True,0.5151024147669214,121,48.06927451701628,202.597,in_progress,0.0
75,7.0,-7.525204525541752,1.6305453002426178,-120.26364366988592,-10.0,2.6666666666666665,1,3.290216049267745,False,True,0.6436721205379747,121,48.06927451701628,202.67,in_progress,0.0
75,8.0,-7.570710211823151,1.566589161536157,-121.96546269027417,6.666666666666668,2.6666666666666665,16,3.3189158487951604,False,True,0.8046921847193467,122,48.06927451701628,202.736,in_progress,0.0
75,9.0,-7.621494786719059,1.4952498929408289,-123.0377107852255,6.666666666666668,1.3333333333333333,15,0.001,False,True,0.9843238021191691,122,48.06927451701628,202.796,in_progress,0.0
75,10.0,-7.672028417403722,1.4045143204617236,-121.58126952161894,10.0,4.0,20,1.5128626604573303,False,True,1.194969356756459,122,48.06927451701628,202.869,in_progress,0.0
75,11.0,-7.7129959801164665,1.3231889954249827,-119.74816546834357,10.0,1.3333333333333333,18,0.001,False,True,1.3839886250013977,122,48.06927451701628,202.934,in_progress,0.0
75,12.0,-7.751116549393558,1.2326721301565224,-117.23299262958027,-10.0,2.6666666666666665,1,3.3896628827850552,False,True,1.5883111939120842,123,48.06927451701628,203.006,in_progress,0.0
75,13.0,-7.794744476693383,1.1378019753414548,-116.4024528766668,6.666666666666668,4.0,17,1.5599186492731423,False,True,1.7970854420175986,123,48.06927451701628,203.068,in_progress,0.0
75,14.0,-7.856918735075714,1.0103416698634933,-116.09770499229727,-6.666666666666668,1.3333333333333333,3,0.001,False,True,2.089932679764517,124,48.06927451701628,203.134,in_progress,0.0
75,15.0,-7.901765129816374,0.9121058522983156,-115.36078069551444,10.0,4.0,20,1.5667196195641988,False,True,2.313550102587858,124,48.06927451701628,203.204,in_progress,0.0
75,16.0,-7.954527488100318,0.8039315291271492,-115.50713101955334,-3.333333333333335,1.3333333333333333,6,0.001,False,True,2.547798805890511,124,48.06927451701628,203.262,in_progress,0.0
75,17.0,-8.001017180850235,0.6829880325366194,-113.39936866261921,6.666666666666668,1.3333333333333333,15,0.001,False,True,2.816010650005374,125,48.06927451701628,203.334,in_progress,0.0
75,18.0,-8.036585208016172,0.5686520959235509,-110.67624433757108,-3.333333333333335,4.0,8,1.5747828474783738,False,True,3.049609557540389,125,48.06927451701628,203.403,in_progress,0.0
75,19.0,-8.068130594799062,0.4477167072409025,-108.01429928662961,-6.666666666666668,4.0,5,1.5909694907416192,False,True,3.30933725576108,126,48.06927451701628,203.465,in_progress,0.0
75,20.0,-8.104526016266867,0.32506368902352456,-107.24578555112416,6.666666666666668,4.0,17,1.5995586937253041,False,True,3.574654536124877,126,48.06927451701628,203.531,in_progress,0.0
75,21.0,-8.14189146229779,0.17435065865086394,-105.39602651935598,10.0,1.3333333333333333,18,0.001,False,True,3.8839931088189728,126,48.06927451701628,203.602,in_progress,0.0
75,22.0,-8.159844215346864,0.028064364696560595,-100.67336786364275,0.0,4.0,11,1.6427235065601082,False,True,4.19030038816447,127,48.06927451701628,203.668,in_progress,0.0
75,23.0,-8.177056672700605,-0.136027436681486,-97.98111952799357,-3.333333333333335,1.3333333333333333,6,0.001,False,True,4.522327059008413,127,48.06927451701628,203.736,in_progress,0.0
75,24.0,-8.197296560868171,-0.27526772678113476,-97.93657683690144,10.0,1.3333333333333333,18,0.001,False,True,4.815007938020532,128,48.06927451701628,203.798,in_progress,0.0
75,25.0,-8.211301078074799,-0.41192398896796417,-96.83315330737776,-6.666666666666668,1.3333333333333333,3,0.001,False,True,5.087253162184757,128,48.06927451701628,203.866,in_progress,0.0
75,26.0,-8.228770846004839,-0.5503094264725676,-97.11858760017888,-6.666666666666668,2.6666666666666665,4,3.633661841037746,False,True,5.377189721142617,129,48.06927451701628,203.927,in_progress,0.0
75,27.0,-8.256157418794905,-0.6741538905357969,-99.62751913389704,0.0,4.0,11,1.6653282830232086,False,True,5.62268572909349,129,48.06927451701628,204.004,in_progress,0.0
75,28.0,-8.29805477869198,-0.8042068196789016,-103.71601412345215,-6.666666666666668,2.6666666666666665,4,3.519954611312241,False,True,5.896490559274081,130,48.06927451701628,204.066,in_progress,0.0
75,29.0,-8.353365736074707,-0.9400441638318366,-108.04007595153095,-10.0,4.0,2,1.5119425827266832,False,True,6.1587556466726205,130,48.06927451701628,204.121,in_progress,0.0
75,30.0,-8.430560400114416,-1.0936925549890522,-113.41564292078898,3.333333333333332,4.0,14,1.366723275133431,False,True,6.477398660953515,131,48.06927451701628,204.205,in_progress,0.0
75,31.0,-8.512831590259795,-1.249580977342054,-117.1654638708857,0.0,2.6666666666666665,10,0.001,False,True,6.769922072774481,131,48.06927451701628,204.266,in_progress,0.0
75,32.0,-8.613362806949278,-1.4195215004128914,-120.45910128720881,6.666666666666668,4.0,17,0.001,False,False,7.114518024237926,132,48.06927451701628,204.333,in_progress,0.0
75,33.0,-8.708239408384909,-1.5718645394107413,-121.5225920676447,-3.333333333333335,1.3333333333333333,6,0.001,False,False,7.3872784393194335,132,48.06927451701628,204.404,in_progress,0.0
75,34.0,-8.827258028023737,-1.7353681456101802,-125.40058187828019,-6.666666666666668,2.6666666666666665,4,0.001,True,False,7.684788348173289,132,48.06927451701628,204.469,off_track,0.0
76,1.0,-8.074447999712683,-0.5221894479399114,-94.9269863236469,6.666666666666668,2.6666666666666665,16,0.0,False,True,0.2915660797193298,129,48.06927451701628,204.605,prepare,0.0
76,2.0,-8.074299289940706,-0.5220478974267748,-94.88473456930049,-10.0,1.3333333333333333,0,0.001,False,True,0.2912463343927585,129,48.06927451701628,204.665,in_progress,0.0
76,3.0,-8.075056838609173,-0.5308446351938096,-94.89686466156775,-3.333333333333335,2.6666666666666665,7,3.914911270956384,False,True,0.3096141892118487,129,48.06927451701628,204.737,in_progress,0.0
76,4.0,-8.08427535348867,-0.5555169798237223,-96.63960446475183,0.0,1.3333333333333333,9,0.001,False,True,0.3623874116215897,129,48.06927451701628,204.804,in_progress,0.0
76,5.0,-8.098143204604662,-0.6013852568849332,-98.64703784906521,-6.666666666666668,4.0,5,1.9501268967423384,False,True,0.45991863629533114,129,48.06927451701628,204.873,in_progress,0.0
76,6.0,-8.111519482259064,-0.6539457727410151,-99.99737229409516,6.666666666666668,1.3333333333333333,15,0.001,False,True,0.568715288151489,129,48.06927451701628,204.935,in_progress,0.0
76,7.0,-8.123243913294072,-0.7165245491160234,-100.47569276444993,3.333333333333332,1.3333333333333333,12,0.001,False,True,0.6997667201362523,129,48.06927451701628,204.986,in_progress,0.0
76,8.0,-8.14389114241602,-0.8272661190513686,-100.57144729904667,6.666666666666668,1.3333333333333333,15,0.001,False,True,0.9316715406627707,130,48.06927451701628,205.069,in_progress,0.0
76,9.0,-8.150830597175537,-0.8754236521209806,-100.09885170715539,3.333333333333332,4.0,14,1.886241156929043,False,True,1.032349936755994,130,48.06927451701628,205.131,in_progress,0.0
76,10.0,-8.163629836532131,-0.971796451319119,-99.27623228099745,6.666666666666668,2.6666666666666665,16,3.7853092695849466,False,True,1.2272439793584389,130,48.06927451701628,205.202,in_progress,0.0
76,11.0,-8.175906566008548,-1.0807839877283518,-98.15811802802423,10.0,1.3333333333333333,18,0.001,False,True,1.453812302502977,131,48.06927451701628,205.268,in_progress,0.0
76,12.0,-8.176816529430637,-1.194234618405218,-94.90137058668576,6.666666666666668,1.3333333333333333,15,0.001,False,True,1.6898109984976206,131,48.06927451701628,205.334,in_progress,0.0
76,13.0,-8.172231004587001,-1.3067308149822447,-91.84113224605147,-6.666666666666668,4.0,5,1.8410215042760676,False,True,1.9179670676133354,131,48.06927451701628,205.405,in_progress,0.0
76,14.0,-8.164551279214711,-1.4087943119356094,-89.63563588880017,0.0,4.0,11,1.8426342094152308,False,True,2.1307715066536836,132,48.06927451701628,205.47,in_progress,0.0
76,15.0,-8.16639850413915,-1.5282317084093,-90.25686188952626,-6.666666666666668,2.6666666666666665,4,3.6929496048560466,False,True,2.378870270264588,132,48.06927451701628,205.526,in_progress,0.0
76,16.0,-8.178807240172507,-1.6784874620179118,-92.66731770119553,3.333333333333332,4.0,14,1.7651599138071892,False,True,2.680498742964732,132,48.06927451701628,205.602,in_progress,0.0
76,17.0,-8.19216210885957,-1.8167667688321534,-94.1428804091427,-10.0,4.0,2,1.7061619285700176,False,True,2.9648032670402724,133,48.06927451701628,205.669,in_progress,0.0
76,18.0,-8.209011963977252,-1.993179506027514,-95.144313729116,6.666666666666668,4.0,17,1.6144668730504121,False,True,3.3082402516199427,133,48.06927451701628,205.734,in_progress,0.0
76,19.0,-8.229401901556953,-2.1679795786969693,-95.93711883758917,-3.333333333333335,2.6666666666666665,7,3.3391761276745724,False,True,3.6453814122385464,134,48.06927451701628,205.805,in_progress,0.0
76,20.0,-8.241814872194228,-2.353678964887683,-94.69917713171199,6.666666666666668,2.6666666666666665,16,3.2270441836225547,False,True,4.010180401961061,135,48.06927451701628,205.847,in_progress,0.0
76,21.0,-8.246910805524381,-2.5365834940561287,-92.8211462208177,-10.0,2.6666666666666665,1,3.125489643109395,False,True,4.343547036441098,135,48.06927451701628,205.932,in_progress,0.0
76,22.0,-8.252500652816533,-2.7235169542984394,-92.20152906796332,3.333333333333332,1.3333333333333333,12,0.001,False,True,4.716958537418192,136,48.06927451701628,206.004,in_progress,0.0
76,23.0,-8.260828642017671,-2.8800486046207845,-92.80663014235459,0.0,2.6666666666666665,10,2.889122161297004,False,True,4.986820117850888,136,48.06927451701628,206.057,in_progress,0.0
76,24.0,-8.266451009790629,-3.0720910750026316,-92.21051717591058,6.666666666666668,2.6666666666666665,16,2.8276509249486335,False,True,5.364723955601647,137,48.06927451701628,206.132,in_progress,0.0
76,25.0,-8.270740752300165,-3.223462736801712,-91.94172606191077,-6.666666666666668,4.0,5,0.001,False,False,5.598367380000358,137,48.06927451701628,206.203,in_progress,0.0
76,26.0,-8.279210099947019,-3.402913551782969,-92.60509064297902,-3.333333333333335,1.3333333333333333,6,0.001,False,False,5.94138561081099,138,48.06927451701628,206.267,in_progress,0.0
76,27.0,-8.315206105551722,-3.6068933276104054,-98.75740557118655,10.0,1.3333333333333333,18,0.001,False,False,6.209167466790666,138,48.06927451701628,206.326,in_progress,0.0
76,28.0,-8.341992421804559,-3.744806913382829,-101.14217556286995,-6.666666666666668,4.0,5,0.001,True,False,6.446561000343509,138,48.06927451701628,206.406,off_track,0.0
77,1.0,-7.8228914015073645,-2.8968093206355365,-72.74120101746642,-3.333333333333335,2.6666666666666665,7,0.0,False,True,0.2914069458122115,137,48.06927451701628,206.538,prepare,0.0
77,2.0,-7.8227096920377415,-2.89667176439212,-72.67521926167063,3.333333333333332,2.6666666666666665,13,3.6339728813842553,False,True,0.2912463343927585,137,48.06927451701628,206.598,in_progress,0.0
77,3.0,-7.821519039508974,-2.904209283943851,-72.96115843108649,-6.666666666666668,1.3333333333333333,3,0.001,False,True,0.30695308247364883,137,48.06927451701628,206.671,in_progress,0.0
77,4.0,-7.820550607105564,-2.9267785055359568,-74.18200067980749,-6.666666666666668,4.0,5,1.789097568886953,False,True,0.3523743850155192,137,48.06927451701628,206.735,in_progress,0.0
77,5.0,-7.818881667429272,-2.9618336834418826,-76.03587801453428,-3.333333333333335,2.6666666666666665,7,3.593067883863313,False,True,0.42302614350283596,137,48.06927451701628,206.796,in_progress,0.0
77,6.0,-7.815446733434824,-3.011353195243575,-78.05976232169671,6.666666666666668,2.6666666666666665,16,3.562905246896456,False,True,0.5234973844677748,137,48.06927451701628,206.865,in_progress,0.0
77,7.0,-7.807936246573472,-3.0766157223940476,-79.53773302985581,-10.0,4.0,2,1.6941262964114454,False,True,0.6527227583681627,137,48.06927451701628,206.933,in_progress,0.0
77,8.0,-7.800092340979236,-3.153993306280826,-81.04389323932449,-6.666666666666668,2.6666666666666665,4,3.468509606754583,False,True,0.809078177314837,137,48.06927451701628,206.991,in_progress,0.0
77,9.0,-7.808501496858844,-3.2607009220279854,-86.38178368798258,6.666666666666668,1.3333333333333333,15,0.001,False,True,1.010569560846608,138,48.06927451701628,207.07,in_progress,0.0
77,10.0,-7.813438260695558,-3.354677843563076,-88.99320599538241,-3.333333333333335,1.3333333333333333,6,0.001,False,True,1.1685139310600223,138,48.06927451701628,207.137,in_progress,0.0
77,11.0,-7.817270188620956,-3.4415920197055,-90.21361656500228,3.333333333333332,1.3333333333333333,12,0.001,False,True,1.3294613793852994,138,48.06927451701628,207.199,in_progress,0.0
77,12.0,-7.821355597988237,-3.534757454306752,-90.99551408030003,10.0,2.6666666666666665,19,0.001,False,True,1.5020041224987568,139,48.06927451701628,207.27,in_progress,0.0
77,13.0,-7.824432151970225,-3.632893671604544,-91.28655964131545,10.0,1.3333333333333333,18,0.001,False,True,1.6848189527277624,139,48.06927451701628,207.335,in_progress,0.0
77,14.0,-7.825177074285574,-3.741572477200082,-90.94875056674768,-10.0,2.6666666666666665,1,0.001,False,True,1.842598366243231,139,48.06927451701628,207.404,in_progress,0.0
77,15.0,-7.830704985897948,-3.851355587651355,-91.80703000440526,6.666666666666668,2.6666666666666665,16,0.001,False,True,2.037343001795655,139,48.06927451701628,207.467,in_progress,0.0
77,16.0,-7.839336538609654,-3.9618227236770136,-92.90398234810846,-10.0,1.3333333333333333,0,0.001,False,True,2.2302320236203155,140,48.06927451701628,207.532,in_progress,0.0
77,17.0,-7.8467656123207785,-4.073457339192323,-93.175330875327,0.0,2.6666666666666665,10,0.001,False,False,2.4195524892953513,140,48.06927451701628,207.589,in_progress,0.0
77,18.0,-7.864930041598884,-4.207782122052017,-95.43900026019008,-6.666666666666668,4.0,5,0.001,False,False,2.5868223038076232,140,48.06927451701628,207.669,in_progress,0.0
77,19.0,-7.892573972938786,-4.328995495530873,-99.00915120353805,0.0,2.6666666666666665,10,0.001,False,False,2.770614296605811,141,48.06927451701628,207.738,in_progress,0.0
77,20.0,-7.933253883430062,-4.4671973529482605,-102.93356754907099,6.666666666666668,4.0,17,0.001,True,False,2.9701028537948426,141,48.06927451701628,207.801,off_track,0.0
78,1.0,-6.518578204563056,-4.872335837397537,-38.05823689569439,10.0,1.3333333333333333,18,0.0,False,True,0.29164049396142033,145,48.06927451701628,207.936,prepare,0.0
78,2.0,-6.5187111702669585,-4.8721983331778995,-38.076469288113984,-10.0,2.6666666666666665,1,3.371628202196517,False,True,0.2912463343927585,145,48.06927451701628,208.002,in_progress,0.0
78,3.0,-6.512922520471621,-4.877163658060981,-38.164242153603816,-10.0,2.6666666666666665,1,3.370609866148677,False,True,0.3070962436169,145,48.06927451701628,208.069,in_progress,0.0
78,4.0,-6.495885690362341,-4.8944542561563855,-39.00548777684548,-10.0,1.3333333333333333,0,0.001,False,True,0.35717922291301774,145,48.06927451701628,208.138,in_progress,0.0
78,5.0,-6.470489396055119,-4.924918233386726,-40.97810734540902,0.0,4.0,11,1.3580704474207268,False,True,0.4378527665574228,145,48.06927451701628,208.189,in_progress,0.0
78,6.0,-6.435860195133719,-4.959894784217893,-41.86292812005051,10.0,1.3333333333333333,18,0.001,False,True,0.5394357121702775,145,48.06927451701628,208.251,in_progress,0.0
78,7.0,-6.3846571807444015,-4.993553639623322,-40.15686358397158,-6.666666666666668,2.6666666666666665,4,3.3329674453029345,False,True,0.6635620486425853,145,48.06927451701628,208.335,in_progress,0.0
78,8.0,-6.324174025955808,-5.037840500100207,-39.17052115640727,-6.666666666666668,2.6666666666666665,4,3.3253735626461935,False,True,0.8192308251284031,145,48.06927451701628,208.396,in_progress,0.0
78,9.0,-6.263461666230073,-5.1028704359062615,-41.89001445512376,0.0,1.3333333333333333,9,0.001,False,True,0.9986617674543785,146,48.06927451701628,208.464,in_progress,0.0
78,10.0,-6.20430290029936,-5.170589360500748,-44.236811122418366,6.666666666666668,2.6666666666666665,16,3.2508011303532873,False,True,1.1784036864316394,146,48.06927451701628,208.529,in_progress,0.0
78,11.0,-6.129695997513245,-5.252155360767072,-45.54998660292471,3.333333333333332,2.6666666666666665,13,3.1886613247199262,False,True,1.383862719012019,146,48.06927451701628,208.601,in_progress,0.0
78,12.0,-6.052659255475634,-5.338013950235619,-46.66733565169356,6.666666666666668,1.3333333333333333,15,0.001,False,True,1.6094395777214054,147,48.06927451701628,208.658,in_progress,0.0
78,13.0,-5.967523154465085,-5.426284247155358,-46.36413037985811,3.333333333333332,2.6666666666666665,13,3.0136668205112804,False,True,1.8221539552820354,147,48.06927451701628,208.735,in_progress,0.0
78,14.0,-5.885255976136824,-5.508953166767837,-45.85838339300856,-6.666666666666668,4.0,5,1.001,False,True,2.047770539957694,147,48.06927451701628,208.806,in_progress,0.0
78,15.0,-5.792507276829237,-5.613448145472186,-47.28863425776271,10.0,1.3333333333333333,18,0.001,False,True,2.3115885397693825,148,48.06927451701628,208.871,in_progress,0.0
78,16.0,-5.70690982427638,-5.713769493284754,-49.01881507524164,0.0,4.0,11,1.001,False,True,2.4790091201831954,148,48.06927451701628,208.94,in_progress,0.0
78,17.0,-5.6048314923553395,-5.823391216329177,-48.07226322471899,-6.666666666666668,2.6666666666666665,4,2.5768288162749107,False,True,2.74938652813157,148,48.06927451701628,209.004,in_progress,0.0
78,18.0,-5.522213710657872,-5.921964495774884,-49.066066375148246,-3.333333333333335,4.0,8,1.0010276253450896,False,True,2.9742881521587328,149,48.06927451701628,209.058,in_progress,0.0
78,19.0,-5.415232625836011,-6.058991278432497,-50.879326391138534,0.0,1.3333333333333333,9,0.001,False,False,3.1470552505026617,149,48.06927451701628,209.136,in_progress,0.0
78,20.0,-5.313084750025262,-6.186113040651003,-51.510574747809706,0.0,4.0,11,0.001,False,False,3.4078185979441344,150,48.06927451701628,209.201,in_progress,0.0
78,21.0,-5.2209731218977655,-6.295188254680716,-50.73228116408841,6.666666666666668,2.6666666666666665,16,0.001,True,False,3.6406670293964716,150,48.06927451701628,209.272,off_track,0.0
79,1.0,-4.279254210864541,-5.636166020996579,-7.404040553024714,-6.666666666666668,4.0,5,0.0,False,True,0.2915584512161895,153,48.06927451701628,209.404,prepare,0.0
79,2.0,-4.279401257830092,-5.636133313700482,-7.389404571106641,10.0,1.3333333333333333,18,0.001,False,True,0.2912463343927585,153,48.06927451701628,209.447,in_progress,0.0
79,3.0,-4.273931420625377,-5.6368089092663825,-7.512643273271613,3.333333333333332,1.3333333333333333,12,0.001,False,True,0.30271166208489797,153,48.06927451701628,209.526,in_progress,0.0
79,4.0,-4.256837489772724,-5.637615327904805,-7.2362802312319285,3.333333333333332,4.0,14,3.750820306512748,False,True,0.338193122078001,153,48.06927451701628,209.596,in_progress,0.0
79,5.0,-4.22338309766977,-5.639747280343454,-6.738336774047622,-6.666666666666668,2.6666666666666665,4,0.001,False,True,0.4077817472182166,153,48.06927451701628,209.669,in_progress,0.0
79,6.0,-4.177883772911835,-5.647036092434452,-7.184267626290848,-6.666666666666668,4.0,5,3.771487899325569,False,True,0.5035994641925057,153,48.06927451701628,209.726,in_progress,0.0
79,7.0,-4.119846406039051,-5.65908696087164,-8.32093989802314,-3.333333333333335,2.6666666666666665,7,0.001,False,True,0.6265558431483909,153,48.06927451701628,209.802,in_progress,0.0
79,8.0,-4.0519284620864,-5.671824578426731,-8.957862737409284,-6.666666666666668,2.6666666666666665,4,0.001,False,True,0.770078561898424,153,48.06927451701628,209.87,in_progress,0.0
79,9.0,-3.9578516714174725,-5.692312161280653,-10.24710630723393,-3.333333333333335,4.0,8,3.8630729911406267,False,True,0.9696378720160492,154,48.06927451701628,209.934,in_progress,0.0
79,10.0,-3.861275657547893,-5.71346079063118,-11.06837054733783,-6.666666666666668,2.6666666666666665,4,0.001,False,True,1.1745297664501608,154,48.06927451701628,209.987,in_progress,0.0
79,11.0,-3.7385476186451525,-5.747047469896886,-13.180320413039974,6.666666666666668,2.6666666666666665,16,0.001,False,True,1.4368859189859307,154,48.06927451701628,210.07,in_progress,0.0
79,12.0,-3.622179266205034,-5.777829447975859,-13.905194911461432,0.0,4.0,11,3.840143589895255,False,True,1.68525464003908,155,48.06927451701628,210.134,in_progress,0.0
79,13.0,-3.4779569485633517,-5.805858391647503,-12.439009853388711,0.0,4.0,11,3.841487755955764,False,True,1.9904927968783626,155,48.06927451701628,210.205,in_progress,0.0
79,14.0,-3.322690469609006,-5.832004057420457,-10.923812123344701,3.333333333333332,4.0,14,3.8471897033791884,False,True,2.3178476925193925,156,48.06927451701628,210.266,in_progress,0.0
79,15.0,-3.1552142117985977,-5.853296294164976,-8.679399991957766,3.333333333333332,1.3333333333333333,12,0.001,False,True,2.669384660646157,156,48.06927451701628,210.332,in_progress,0.0
79,16.0,-2.9797768619726814,-5.8618845621582825,-4.979148198150883,-10.0,4.0,2,3.9039351659553776,False,True,3.033457073378998,157,48.06927451701628,210.396,in_progress,0.0
79,17.0,-2.80858842166437,-5.865365050366272,-2.716092163279272,0.0,1.3333333333333333,9,0.001,False,True,3.3876334866157043,157,48.06927451701628,210.471,in_progress,0.0
79,18.0,-2.64063114460974,-5.871255854578544,-2.1439763165799612,3.333333333333332,1.3333333333333333,12,0.001,False,True,3.735391151551126,158,48.06927451701628,210.521,in_progress,0.0
79,19.0,-2.4932772218281816,-5.866751595790371,-0.12568216089158174,-3.333333333333335,4.0,8,3.958806194169312,False,True,4.037625203046947,158,48.06927451701628,210.597,in_progress,0.0
79,20.0,-2.366387805235346,-5.859891331162241,1.3612417006315292,10.0,2.6666666666666665,19,0.001,False,True,4.2968491718349044,159,48.06927451701628,210.667,in_progress,0.0
79,21.0,-2.1759592044945153,-5.83886411711141,4.517765402418959,-6.666666666666668,1.3333333333333333,3,0.001,False,True,4.681713329100445,159,48.06927451701628,210.725,in_progress,0.0
79,22.0,-2.0316880080039157,-5.8201011074431355,6.783943555793512,6.666666666666668,4.0,17,3.7379848045272284,False,True,4.972718741181992,160,48.06927451701628,210.801,in_progress,0.0
79,23.0,-1.8893991911172745,-5.809051933672428,5.803517703086379,-3.333333333333335,1.3333333333333333,6,0.001,False,True,5.260722907612887,0,48.06927451701628,210.863,in_progress,0.0
79,24.0,-1.7276339986549387,-5.8003491494466735,4.313166788311659,0.0,2.6666666666666665,10,0.001,False,True,5.590548591020635,1,48.06927451701628,210.938,in_progress,0.0
79,25.0,-1.5878191317180956,-5.803194446113505,1.4823923557227032,10.0,2.6666666666666665,19,0.001,False,True,5.8772758038285104,1,48.06927451701628,211.003,in_progress,0.0
79,26.0,-1.429324970609155,-5.803021163748653,0.7707138484807431,-10.0,2.6666666666666665,1,0.001,False,True,6.2028886364194875,2,48.06927451701628,211.064,in_progress,0.0
79,27.0,-1.2696378759256883,-5.798568820925699,1.09948958735443,10.0,4.0,20,3.4744923064173934,False,True,6.527142421788966,2,48.06927451701628,211.139,in_progress,0.0
79,28.0,-1.085600900012111,-5.79411025509835,1.5040705248315416,-10.0,1.3333333333333333,0,0.001,False,True,6.9007998623850995,3,48.06927451701628,211.197,in_progress,0.0
79,29.0,-0.9195146130391618,-5.785068387705826,2.494859054701062,3.333333333333332,4.0,14,1.5251952585608979,False,True,7.238471923228332,4,48.06927451701628,211.265,in_progress,0.0
79,30.0,-0.7386524249429085,-5.782063329349571,1.550189907116703,-3.333333333333335,4.0,8,1.4660332606946611,False,True,7.607640981248366,4,48.06927451701628,211.319,in_progress,0.0
79,31.0,-0.550486308634378,-5.7849845799188495,-0.08827048884621508,6.666666666666668,2.6666666666666665,16,3.0083101309350324,False,True,7.9946547762148725,5,48.06927451701628,211.395,in_progress,0.0
79,32.0,-0.34444714340055665,-5.78590956126239,-0.2299510817312944,6.666666666666668,2.6666666666666665,16,2.9519433911904716,False,True,8.416330085046084,5,48.06927451701628,211.468,in_progress,0.0
79,33.0,-0.16140597320541356,-5.7755557125295605,1.8532204690526797,-10.0,1.3333333333333333,0,0.001,False,False,8.782184648355866,6,48.06927451701628,211.532,in_progress,0.0
79,34.0,0.01838211925017813,-5.76548651882578,2.797783764911382,-10.0,2.6666666666666665,1,0.001,False,False,9.146883520937862,7,48.06927451701628,211.598,in_progress,0.0
79,35.0,0.19229443959128303,-5.769839813528188,0.19072110721539345,0.0,4.0,11,0.001,False,False,9.484605954985767,7,48.06927451701628,211.669,in_progress,0.0
79,36.0,0.38239900894521306,-5.785576469862956,-2.97638274554236,-3.333333333333335,1.3333333333333333,6,0.001,False,False,9.879039730988666,8,48.06927451701628,211.729,in_progress,0.0
79,37.0,0.5606943418051127,-5.8133109024711995,-6.873985702177252,10.0,1.3333333333333333,18,0.001,False,False,10.226221798089853,8,48.06927451701628,211.801,in_progress,0.0
79,38.0,0.722353791155822,-5.839731380035546,-8.412576963925433,3.333333333333332,4.0,14,0.001,False,False,10.566485582577826,9,48.06927451701628,211.86,in_progress,0.0
79,39.0,0.879494873584058,-5.85990504821565,-7.748499032822174,0.0,1.3333333333333333,9,0.001,False,False,10.869274701032538,9,48.06927451701628,211.934,in_progress,0.0
79,40.0,1.0542260536863735,-5.8766128571235585,-5.566430990391004,-3.333333333333335,1.3333333333333333,6,0.001,False,False,11.230767211837971,10,48.06927451701628,211.993,in_progress,0.0
79,41.0,1.2147107453702446,-5.895848330141231,-6.286771225790117,0.0,4.0,11,0.001,False,False,11.543541249500635,10,48.06927451701628,212.068,in_progress,0.0
79,42.0,1.3430496058429655,-5.91415237605879,-7.209782216988115,3.333333333333332,4.0,14,0.001,True,False,11.811558052148058,11,48.06927451701628,212.129,off_track,0.0
